[{"metadata":{"updatedOn":1759499643141,"updatedBy":"Piotr Tesny","createdBy":"Piotr Tesny","createdOn":1759499643141,"context":{"id":"c86df614-dacd-4a2f-9b39-5b09f46e7370","contextType":"site","tenantId":"0b56309295ed8ec55b606a03b495dc60","identityZoneId":"89f064d1-b987-44b6-ab1f-3a2d83db9dd4","instanceId":"d1bbfd5e-53f8-4634-8cbf-18665ba30196"}},"cdm":{"texts":{"menuTitle":{"type":"XTIT","value":{"":"Menu"}}},"payload":{"entities":[]},"_version":"3.0.0","identification":{"id":"6b57dbf0-a060-11f0-8f4c-35e1d36b144a","title":"{{menuTitle}}","entityType":"menu"}}}]