[{"metadata":{"updatedOn":1759565071939,"updatedBy":"Piotr Tesny","createdBy":"Piotr Tesny","createdOn":1759500147811,"context":{"id":"SUB_ACCOUNT","contextType":"sub_account","tenantId":"0b56309295ed8ec55b606a03b495dc60","identityZoneId":"89f064d1-b987-44b6-ab1f-3a2d83db9dd4","instanceId":"d1bbfd5e-53f8-4634-8cbf-18665ba30196"}},"cdm":{"texts":{"cdm|identification|title":{"type":"XTIT","value":{"":"uk-xp264--b84edf3"}},"cdm|identification|description":{"type":"XTIT","value":{"":"uk-xp264--b84edf3\nSAP-TechEd25-XP264"}}},"payload":{"viz":[]},"_version":"3.0","relations":{"viz":[{"label":"ref","target":{"id":"28921205-29ba-4bad-a149-0c65c1b2746e","context":{"id":"SUB_ACCOUNT","type":"SUB_ACCOUNT"},"entityType":"businessapp","properties":{"vizId":"Default-VizId"}}},{"label":"ref","target":{"id":"dc030e76-865a-456e-82fa-5e15dd87cb63","context":{"id":"SUB_ACCOUNT","type":"SUB_ACCOUNT"},"entityType":"businessapp","properties":{"vizId":"Default-VizId"}}},{"label":"ref","target":{"id":"ee221e2f-98e9-4c59-a88d-e7d3d7b63834","context":{"id":"SUB_ACCOUNT","type":"SUB_ACCOUNT"},"entityType":"businessapp","properties":{"vizId":"Default-VizId"}}},{"label":"ref","target":{"id":"959875dd-de35-4826-aa5e-7d745d130e28","context":{"id":"SUB_ACCOUNT","type":"SUB_ACCOUNT"},"entityType":"businessapp","properties":{"vizId":"Default-VizId"}}},{"label":"ref","target":{"id":"2fd10804-ef46-475e-9ec3-8f900deb1674","context":{"id":"SUB_ACCOUNT","type":"SUB_ACCOUNT"},"entityType":"businessapp","properties":{"vizId":"Default-VizId"}}},{"label":"ref","target":{"id":"8935027f-4d2c-4fce-a305-180b225c0501","context":{"id":"SUB_ACCOUNT","type":"SUB_ACCOUNT"},"entityType":"businessapp","properties":{"vizId":"Default-VizId"}}}]},"identification":{"id":"ca710237-3cc5-4b86-9e2a-f4c7833dd223","title":"{{cdm|identification|title}}","entityType":"catalog","description":"{{cdm|identification|description}}"}}},{"metadata":{"updatedOn":1759565098174,"updatedBy":"Piotr Tesny","createdBy":"Piotr Tesny","createdOn":1759565098174,"context":{"id":"SUB_ACCOUNT","contextType":"sub_account","tenantId":"0b56309295ed8ec55b606a03b495dc60","identityZoneId":"89f064d1-b987-44b6-ab1f-3a2d83db9dd4","instanceId":"d1bbfd5e-53f8-4634-8cbf-18665ba30196"}},"cdm":{"texts":{"cdm|identification|title":{"type":"XTIT","value":{"":"japan-east--c-99567a9"}},"cdm|identification|description":{"type":"XTIT","value":{"":"japan-east--c-99567a9"}}},"payload":{"viz":[]},"_version":"3.0","relations":{"viz":[{"label":"ref","target":{"id":"3dd43274-6309-4e1b-a296-acbb10971d16","context":{"id":"SUB_ACCOUNT","type":"SUB_ACCOUNT"},"entityType":"businessapp","properties":{"vizId":"Default-VizId"}}}]},"identification":{"id":"61801ffc-46ed-49bc-99c0-a0528ea543ef","title":"{{cdm|identification|title}}","entityType":"catalog","description":"{{cdm|identification|description}}"}}},{"metadata":{"updatedOn":1759565778408,"updatedBy":"Piotr Tesny","createdBy":"Piotr Tesny","createdOn":1759565778408,"context":{"id":"SUB_ACCOUNT","contextType":"sub_account","tenantId":"0b56309295ed8ec55b606a03b495dc60","identityZoneId":"89f064d1-b987-44b6-ab1f-3a2d83db9dd4","instanceId":"d1bbfd5e-53f8-4634-8cbf-18665ba30196"}},"cdm":{"texts":{"cdm|identification|title":{"type":"XTIT","value":{"":"us-east--ca15e0c"}},"cdm|identification|description":{"type":"XTIT","value":{"":"us-east--ca15e0c"}}},"payload":{"viz":[]},"_version":"3.0","relations":{"viz":[{"label":"ref","target":{"id":"69f9e85f-b57d-4353-bc4c-a914ee762305","context":{"id":"SUB_ACCOUNT","type":"SUB_ACCOUNT"},"entityType":"businessapp","properties":{"vizId":"Default-VizId"}}}]},"identification":{"id":"183e2c6a-eda1-4bf8-ada1-56f886b1d456","title":"{{cdm|identification|title}}","entityType":"catalog","description":"{{cdm|identification|description}}"}}}]