[{"metadata":{"updatedOn":1759504032326,"updatedBy":"Piotr Tesny","createdBy":"Piotr Tesny","createdOn":1759503866369,"context":{"id":"SUB_ACCOUNT","contextType":"sub_account","tenantId":"0b56309295ed8ec55b606a03b495dc60","identityZoneId":"89f064d1-b987-44b6-ab1f-3a2d83db9dd4","instanceId":"d1bbfd5e-53f8-4634-8cbf-18665ba30196"}},"cdm":{"texts":{"cdm|identification|title":{"type":"XTIT","value":{"":"provisioning-service"}},"cdm|identification|description":{"type":"XTIT","value":{"":"provisioning-service"}},"cdm|payload|visualizations|Default-VizId|vizConfig|sap.app|info":{"type":"XTIT","value":{"":""}},"cdm|payload|visualizations|Default-VizId|vizConfig|sap.app|subTitle":{"type":"XTIT","value":{"":""}}},"payload":{"defaultViz":"Default-VizId","defaultVizType":"sap.ushell.StaticAppLauncher","visualizations":{"Default-VizId":{"vizType":"sap.ushell.StaticAppLauncher","vizConfig":{"sap.ui":{"icons":{"icon":""}},"sap.app":{"info":"{{cdm|payload|visualizations|Default-VizId|vizConfig|sap.app|info}}","subTitle":"{{cdm|payload|visualizations|Default-VizId|vizConfig|sap.app|subTitle}}"},"sap.flp":{"target":{"type":"IBN","inboundId":"ee221e2f-98e9-4c59-a88d-e7d3d7b63834___GenericDefaultSemantic-__GenericDefaultAction","parameters":{}}}}}},"targetAppConfig":{"sap.ui":{"deviceTypes":{"phone":true,"tablet":true,"desktop":true}},"sap.app":{"tags":{"keywords":[]},"destination":"provisioning-service","crossNavigation":{"inbounds":{"ee221e2f-98e9-4c59-a88d-e7d3d7b63834___GenericDefaultSemantic-__GenericDefaultAction":{"action":"run","signature":{"parameters":{},"additionalParameters":"ignored"},"deviceTypes":{"phone":true,"tablet":true,"desktop":true},"semanticObject":"app"}}}},"_version":"1.13.0","sap.integration":{"navMode":"explace","urlTemplateId":"urltemplate.url-dynamic","urlTemplateParams":{"path":"/api","query":{},"enableSapParams":false,"enableIntentParams":false}}}},"_version":"3.0","identification":{"id":"ee221e2f-98e9-4c59-a88d-e7d3d7b63834","title":"{{cdm|identification|title}}","entityType":"businessapp","description":"{{cdm|identification|description}}"}}},{"metadata":{"updatedOn":1759575861324,"updatedBy":"Piotr Tesny","createdBy":"Piotr Tesny","createdOn":1759504128538,"context":{"id":"SUB_ACCOUNT","contextType":"sub_account","tenantId":"0b56309295ed8ec55b606a03b495dc60","identityZoneId":"89f064d1-b987-44b6-ab1f-3a2d83db9dd4","instanceId":"d1bbfd5e-53f8-4634-8cbf-18665ba30196"}},"cdm":{"texts":{"cdm|identification|title":{"type":"XTIT","value":{"":"cis-httpbin"}},"cdm|identification|description":{"type":"XTIT","value":{"":"cis-httpbin"}},"cdm|payload|visualizations|Default-VizId|vizConfig|sap.app|info":{"type":"XTIT","value":{"":""}},"cdm|payload|visualizations|Default-VizId|vizConfig|sap.app|subTitle":{"type":"XTIT","value":{"":""}}},"payload":{"defaultViz":"Default-VizId","defaultVizType":"sap.ushell.StaticAppLauncher","visualizations":{"Default-VizId":{"vizType":"sap.ushell.StaticAppLauncher","vizConfig":{"sap.ui":{"icons":{"icon":""}},"sap.app":{"info":"{{cdm|payload|visualizations|Default-VizId|vizConfig|sap.app|info}}","subTitle":"{{cdm|payload|visualizations|Default-VizId|vizConfig|sap.app|subTitle}}"},"sap.flp":{"target":{"type":"IBN","inboundId":"959875dd-de35-4826-aa5e-7d745d130e28___GenericDefaultSemantic-__GenericDefaultAction","parameters":{}}}}}},"targetAppConfig":{"sap.ui":{"deviceTypes":{"phone":true,"tablet":true,"desktop":true}},"sap.app":{"tags":{"keywords":[]},"destination":"No System","crossNavigation":{"inbounds":{"959875dd-de35-4826-aa5e-7d745d130e28___GenericDefaultSemantic-__GenericDefaultAction":{"action":"run","signature":{"parameters":{},"additionalParameters":"ignored"},"deviceTypes":{"phone":true,"tablet":true,"desktop":true},"semanticObject":"app"}}}},"_version":"1.13.0","sap.integration":{"navMode":"inplace","urlTemplateId":"urltemplate.url","urlTemplateParams":{"url":"https://uk-xp264-quovadis-d726db6d.launchpad.cfapps.eu20.hana.ondemand.com/dynamic_dest/cis-httpbin/bearer","query":{},"enableSapParams":false,"enableIntentParams":false}}}},"_version":"3.0","identification":{"id":"959875dd-de35-4826-aa5e-7d745d130e28","title":"{{cdm|identification|title}}","entityType":"businessapp","description":"{{cdm|identification|description}}"}}},{"metadata":{"updatedOn":1759657635107,"updatedBy":"Piotr Tesny","createdBy":"Piotr Tesny","createdOn":1759564575482,"context":{"id":"SUB_ACCOUNT","contextType":"sub_account","tenantId":"0b56309295ed8ec55b606a03b495dc60","identityZoneId":"89f064d1-b987-44b6-ab1f-3a2d83db9dd4","instanceId":"d1bbfd5e-53f8-4634-8cbf-18665ba30196"}},"cdm":{"texts":{"cdm|identification|title":{"type":"XTIT","value":{"":"japan-east--c-99567a9"}},"cdm|identification|description":{"type":"XTIT","value":{"":"japan-east--c-99567a9"}},"cdm|payload|visualizations|Default-VizId|vizConfig|sap.app|info":{"type":"XTIT","value":{"":""}},"cdm|payload|visualizations|Default-VizId|vizConfig|sap.app|subTitle":{"type":"XTIT","value":{"":""}}},"payload":{"defaultViz":"Default-VizId","defaultVizType":"sap.ushell.StaticAppLauncher","visualizations":{"Default-VizId":{"vizType":"sap.ushell.StaticAppLauncher","vizConfig":{"sap.ui":{"icons":{"icon":"https://raw.githubusercontent.com/ptesny/Team-2712/main/assets/kyma_dashboard_url_japaneast.png"}},"sap.app":{"info":"{{cdm|payload|visualizations|Default-VizId|vizConfig|sap.app|info}}","subTitle":"{{cdm|payload|visualizations|Default-VizId|vizConfig|sap.app|subTitle}}"},"sap.flp":{"target":{"type":"IBN","inboundId":"3dd43274-6309-4e1b-a296-acbb10971d16___GenericDefaultSemantic-__GenericDefaultAction","parameters":{}}}}}},"targetAppConfig":{"sap.ui":{"deviceTypes":{"phone":true,"tablet":true,"desktop":true}},"sap.app":{"tags":{"keywords":[]},"destination":"","crossNavigation":{"inbounds":{"3dd43274-6309-4e1b-a296-acbb10971d16___GenericDefaultSemantic-__GenericDefaultAction":{"action":"run","signature":{"parameters":{},"additionalParameters":"ignored"},"deviceTypes":{"phone":true,"tablet":true,"desktop":true},"semanticObject":"app"}}}},"_version":"1.13.0","sap.integration":{"navMode":"explace","urlTemplateId":"urltemplate.url","urlTemplateParams":{"url":"https://dashboard.kyma.cloud.sap/?kubeconfigID=79EB720B-2C16-4A7E-AA7F-108C4E3B7E98","query":{},"enableSapParams":false,"enableIntentParams":false}}}},"_version":"3.0","identification":{"id":"3dd43274-6309-4e1b-a296-acbb10971d16","title":"{{cdm|identification|title}}","entityType":"businessapp","description":"{{cdm|identification|description}}"}}},{"metadata":{"updatedOn":1759657885044,"updatedBy":"Piotr Tesny","createdBy":"Piotr Tesny","createdOn":1759522684985,"context":{"id":"SUB_ACCOUNT","contextType":"sub_account","tenantId":"0b56309295ed8ec55b606a03b495dc60","identityZoneId":"89f064d1-b987-44b6-ab1f-3a2d83db9dd4","instanceId":"d1bbfd5e-53f8-4634-8cbf-18665ba30196"}},"cdm":{"texts":{"cdm|identification|title":{"type":"XTIT","value":{"":"uk-xp264--b84edf3"}},"cdm|identification|description":{"type":"XTIT","value":{"":"uk-xp264--b84edf3"}},"cdm|payload|visualizations|Default-VizId|vizConfig|sap.app|info":{"type":"XTIT","value":{"":""}},"cdm|payload|visualizations|Default-VizId|vizConfig|sap.app|subTitle":{"type":"XTIT","value":{"":""}}},"payload":{"defaultViz":"Default-VizId","defaultVizType":"sap.ushell.StaticAppLauncher","visualizations":{"Default-VizId":{"vizType":"sap.ushell.StaticAppLauncher","vizConfig":{"sap.ui":{"icons":{"icon":"https://raw.githubusercontent.com/ptesny/Team-2712/main/assets/kyma_dashboard_url_ukxp264.png"}},"sap.app":{"info":"{{cdm|payload|visualizations|Default-VizId|vizConfig|sap.app|info}}","subTitle":"{{cdm|payload|visualizations|Default-VizId|vizConfig|sap.app|subTitle}}"},"sap.flp":{"target":{"type":"IBN","inboundId":"8935027f-4d2c-4fce-a305-180b225c0501___GenericDefaultSemantic-__GenericDefaultAction","parameters":{}}}}}},"targetAppConfig":{"sap.ui":{"deviceTypes":{"phone":true,"tablet":true,"desktop":true}},"sap.app":{"tags":{"keywords":[]},"destination":"","crossNavigation":{"inbounds":{"8935027f-4d2c-4fce-a305-180b225c0501___GenericDefaultSemantic-__GenericDefaultAction":{"action":"open","signature":{"parameters":{},"additionalParameters":"ignored"},"deviceTypes":{"phone":true,"tablet":true,"desktop":true},"semanticObject":"app"}}}},"_version":"1.13.0","sap.integration":{"navMode":"explace","urlTemplateId":"urltemplate.url","urlTemplateParams":{"url":"https://dashboard.kyma.cloud.sap/?kubeconfigID=0FD84322-535C-4047-89CE-47FC775938FC","query":{},"enableSapParams":false,"enableIntentParams":false}}}},"_version":"3.0","identification":{"id":"8935027f-4d2c-4fce-a305-180b225c0501","title":"{{cdm|identification|title}}","entityType":"businessapp","description":"{{cdm|identification|description}}"}}},{"metadata":{"updatedOn":1759566448071,"updatedBy":"Piotr Tesny","createdBy":"Piotr Tesny","createdOn":1759566155517,"context":{"id":"SUB_ACCOUNT","contextType":"sub_account","tenantId":"0b56309295ed8ec55b606a03b495dc60","identityZoneId":"89f064d1-b987-44b6-ab1f-3a2d83db9dd4","instanceId":"d1bbfd5e-53f8-4634-8cbf-18665ba30196"}},"cdm":{"texts":{"cdm|identification|title":{"type":"XTIT","value":{"":"SAP Cloud Logging - Kyma Overview"}},"cdm|identification|description":{"type":"XTIT","value":{"":"SAP Cloud Logging - Kyma Overview"}},"cdm|payload|visualizations|Default-VizId|vizConfig|sap.app|info":{"type":"XTIT","value":{"":""}},"cdm|payload|visualizations|Default-VizId|vizConfig|sap.app|subTitle":{"type":"XTIT","value":{"":""}}},"payload":{"defaultViz":"Default-VizId","defaultVizType":"sap.ushell.StaticAppLauncher","visualizations":{"Default-VizId":{"vizType":"sap.ushell.StaticAppLauncher","vizConfig":{"sap.ui":{"icons":{"icon":"sap-icon://search"}},"sap.app":{"info":"{{cdm|payload|visualizations|Default-VizId|vizConfig|sap.app|info}}","subTitle":"{{cdm|payload|visualizations|Default-VizId|vizConfig|sap.app|subTitle}}"},"sap.flp":{"target":{"type":"IBN","inboundId":"a193e5b8-4a60-4040-b511-3bd993fac016___GenericDefaultSemantic-__GenericDefaultAction","parameters":{}}}}}},"targetAppConfig":{"sap.ui":{"deviceTypes":{"phone":true,"tablet":true,"desktop":true}},"sap.app":{"tags":{"keywords":[]},"destination":"","crossNavigation":{"inbounds":{"a193e5b8-4a60-4040-b511-3bd993fac016___GenericDefaultSemantic-__GenericDefaultAction":{"action":"run","signature":{"parameters":{},"additionalParameters":"ignored"},"deviceTypes":{"phone":true,"tablet":true,"desktop":true},"semanticObject":"app"}}}},"_version":"1.13.0","sap.integration":{"navMode":"explace","urlTemplateId":"urltemplate.url","urlTemplateParams":{"url":"https://dashboards-sf-742c9592-0dff-4b79-af29-93fc074baed8.cls-16.cloud.logs.services.eu10.hana.ondemand.com/app/dashboards#/view/maintained-by-perfx_kyma-content-package_Kyma-Overview","query":{},"enableSapParams":false,"enableIntentParams":false}}}},"_version":"3.0","identification":{"id":"a193e5b8-4a60-4040-b511-3bd993fac016","title":"{{cdm|identification|title}}","entityType":"businessapp","description":"{{cdm|identification|description}}"}}},{"metadata":{"updatedOn":1759566933897,"updatedBy":"Piotr Tesny","createdBy":"Piotr Tesny","createdOn":1759566933897,"context":{"id":"SUB_ACCOUNT","contextType":"sub_account","tenantId":"0b56309295ed8ec55b606a03b495dc60","identityZoneId":"89f064d1-b987-44b6-ab1f-3a2d83db9dd4","instanceId":"d1bbfd5e-53f8-4634-8cbf-18665ba30196"}},"cdm":{"texts":{"cdm|identification|title":{"type":"XTIT","value":{"":"OpenSearch Dashboards"}},"cdm|identification|description":{"type":"XTIT","value":{"":"OpenSearch Dashboards"}},"cdm|payload|visualizations|Default-VizId|vizConfig|sap.app|info":{"type":"XTIT","value":{"":""}},"cdm|payload|visualizations|Default-VizId|vizConfig|sap.app|subTitle":{"type":"XTIT","value":{"":""}}},"payload":{"defaultViz":"Default-VizId","defaultVizType":"sap.ushell.StaticAppLauncher","visualizations":{"Default-VizId":{"vizType":"sap.ushell.StaticAppLauncher","vizConfig":{"sap.ui":{"icons":{"icon":""}},"sap.app":{"info":"{{cdm|payload|visualizations|Default-VizId|vizConfig|sap.app|info}}","subTitle":"{{cdm|payload|visualizations|Default-VizId|vizConfig|sap.app|subTitle}}"},"sap.flp":{"target":{"type":"IBN","inboundId":"d1f75d6f-381c-4d58-b92f-e1a5ea857467___GenericDefaultSemantic-__GenericDefaultAction","parameters":{}}}}}},"targetAppConfig":{"sap.ui":{"deviceTypes":{"phone":true,"tablet":true,"desktop":true}},"sap.app":{"tags":{"keywords":[]},"destination":"","crossNavigation":{"inbounds":{"d1f75d6f-381c-4d58-b92f-e1a5ea857467___GenericDefaultSemantic-__GenericDefaultAction":{"action":"open","signature":{"parameters":{},"additionalParameters":"ignored"},"deviceTypes":{"phone":true,"tablet":true,"desktop":true},"semanticObject":"search"}}}},"_version":"1.13.0","sap.integration":{"navMode":"inplace","urlTemplateId":"urltemplate.url","urlTemplateParams":{"url":"https://docs.opensearch.org/2.19/dashboards/","query":{},"enableSapParams":false,"enableIntentParams":false}}}},"_version":"3.0","identification":{"id":"d1f75d6f-381c-4d58-b92f-e1a5ea857467","title":"{{cdm|identification|title}}","entityType":"businessapp","description":"{{cdm|identification|description}}"}}},{"metadata":{"updatedOn":1759575616321,"updatedBy":"Piotr Tesny","createdBy":"Piotr Tesny","createdOn":1759514047741,"context":{"id":"SUB_ACCOUNT","contextType":"sub_account","tenantId":"0b56309295ed8ec55b606a03b495dc60","identityZoneId":"89f064d1-b987-44b6-ab1f-3a2d83db9dd4","instanceId":"d1bbfd5e-53f8-4634-8cbf-18665ba30196"}},"cdm":{"texts":{"cdm|identification|title":{"type":"XTIT","value":{"":"faas-srv-xp264-002"}},"cdm|identification|description":{"type":"XTIT","value":{"":"faas-srv-xp264-002"}},"cdm|payload|visualizations|Default-VizId|vizConfig|sap.app|info":{"type":"XTIT","value":{"":""}},"cdm|payload|visualizations|Default-VizId|vizConfig|sap.app|subTitle":{"type":"XTIT","value":{"":""}}},"payload":{"defaultViz":"Default-VizId","defaultVizType":"sap.ushell.StaticAppLauncher","visualizations":{"Default-VizId":{"vizType":"sap.ushell.StaticAppLauncher","vizConfig":{"sap.ui":{"icons":{"icon":""}},"sap.app":{"info":"{{cdm|payload|visualizations|Default-VizId|vizConfig|sap.app|info}}","subTitle":"{{cdm|payload|visualizations|Default-VizId|vizConfig|sap.app|subTitle}}"},"sap.flp":{"target":{"type":"IBN","inboundId":"2fd10804-ef46-475e-9ec3-8f900deb1674___GenericDefaultSemantic-__GenericDefaultAction","parameters":{}}}}}},"targetAppConfig":{"sap.ui":{"deviceTypes":{"phone":true,"tablet":true,"desktop":true}},"sap.app":{"tags":{"keywords":[]},"destination":"","crossNavigation":{"inbounds":{"2fd10804-ef46-475e-9ec3-8f900deb1674___GenericDefaultSemantic-__GenericDefaultAction":{"action":"run","signature":{"parameters":{},"additionalParameters":"ignored"},"deviceTypes":{"phone":true,"tablet":true,"desktop":true},"semanticObject":"app"}}}},"_version":"1.13.0","sap.integration":{"navMode":"inplace","urlTemplateId":"urltemplate.url","urlTemplateParams":{"url":"https://uk-xp264-quovadis-d726db6d.launchpad.cfapps.eu20.hana.ondemand.com/dynamic_dest/faas-srv-xp264-002/arrivals","query":{},"enableSapParams":false,"enableIntentParams":false}}}},"_version":"3.0","identification":{"id":"2fd10804-ef46-475e-9ec3-8f900deb1674","title":"{{cdm|identification|title}}","entityType":"businessapp","description":"{{cdm|identification|description}}"}}},{"metadata":{"updatedOn":1759575631345,"updatedBy":"Piotr Tesny","createdBy":"Piotr Tesny","createdOn":1759503469515,"context":{"id":"SUB_ACCOUNT","contextType":"sub_account","tenantId":"0b56309295ed8ec55b606a03b495dc60","identityZoneId":"89f064d1-b987-44b6-ab1f-3a2d83db9dd4","instanceId":"d1bbfd5e-53f8-4634-8cbf-18665ba30196"}},"cdm":{"texts":{"cdm|identification|title":{"type":"XTIT","value":{"":"faas-srv-xp264-050"}},"cdm|identification|description":{"type":"XTIT","value":{"":"faas-srv-xp264-050"}},"cdm|payload|visualizations|Default-VizId|vizConfig|sap.app|info":{"type":"XTIT","value":{"":""}},"cdm|payload|visualizations|Default-VizId|vizConfig|sap.app|subTitle":{"type":"XTIT","value":{"":""}}},"payload":{"defaultViz":"Default-VizId","defaultVizType":"sap.ushell.StaticAppLauncher","visualizations":{"Default-VizId":{"vizType":"sap.ushell.StaticAppLauncher","vizConfig":{"sap.ui":{"icons":{"icon":""}},"sap.app":{"info":"{{cdm|payload|visualizations|Default-VizId|vizConfig|sap.app|info}}","subTitle":"{{cdm|payload|visualizations|Default-VizId|vizConfig|sap.app|subTitle}}"},"sap.flp":{"target":{"type":"IBN","inboundId":"dc030e76-865a-456e-82fa-5e15dd87cb63___GenericDefaultSemantic-__GenericDefaultAction","parameters":{}}}}}},"targetAppConfig":{"sap.ui":{"deviceTypes":{"phone":true,"tablet":true,"desktop":true}},"sap.app":{"tags":{"keywords":[]},"destination":"No System","crossNavigation":{"inbounds":{"dc030e76-865a-456e-82fa-5e15dd87cb63___GenericDefaultSemantic-__GenericDefaultAction":{"action":"run","signature":{"parameters":{},"additionalParameters":"ignored"},"deviceTypes":{"phone":true,"tablet":true,"desktop":true},"semanticObject":"app"}}}},"_version":"1.13.0","sap.integration":{"navMode":"inplace","urlTemplateId":"urltemplate.url","urlTemplateParams":{"url":"https://uk-xp264-quovadis-d726db6d.launchpad.cfapps.eu20.hana.ondemand.com/dynamic_dest/faas-srv-xp264-050/mistralai/models","query":{},"enableSapParams":false,"enableIntentParams":false}}}},"_version":"3.0","identification":{"id":"dc030e76-865a-456e-82fa-5e15dd87cb63","title":"{{cdm|identification|title}}","entityType":"businessapp","description":"{{cdm|identification|description}}"}}},{"metadata":{"updatedOn":1759657689587,"updatedBy":"Piotr Tesny","createdBy":"Piotr Tesny","createdOn":1759593755681,"context":{"id":"SUB_ACCOUNT","contextType":"sub_account","tenantId":"0b56309295ed8ec55b606a03b495dc60","identityZoneId":"89f064d1-b987-44b6-ab1f-3a2d83db9dd4","instanceId":"d1bbfd5e-53f8-4634-8cbf-18665ba30196"}},"cdm":{"texts":{"cdm|identification|title":{"type":"XTIT","value":{"":"argocd--japan-east"}},"cdm|identification|description":{"type":"XTIT","value":{"":"runtime-context-japan-east-c1f19148-71f7-4883-9f86-8d5ee7634dec"}},"cdm|payload|visualizations|Default-VizId|vizConfig|sap.app|info":{"type":"XTIT","value":{"":""}},"cdm|payload|visualizations|Default-VizId|vizConfig|sap.app|subTitle":{"type":"XTIT","value":{"":""}}},"payload":{"defaultViz":"Default-VizId","defaultVizType":"sap.ushell.StaticAppLauncher","visualizations":{"Default-VizId":{"vizType":"sap.ushell.StaticAppLauncher","vizConfig":{"sap.ui":{"icons":{"icon":"https://raw.githubusercontent.com/ptesny/Team-2712/main/assets/logo.png"}},"sap.app":{"info":"{{cdm|payload|visualizations|Default-VizId|vizConfig|sap.app|info}}","subTitle":"{{cdm|payload|visualizations|Default-VizId|vizConfig|sap.app|subTitle}}"},"sap.flp":{"target":{"type":"IBN","inboundId":"14523356-c3b0-436c-a743-f18155308fa4___GenericDefaultSemantic-__GenericDefaultAction","parameters":{}}}}}},"targetAppConfig":{"sap.ui":{"deviceTypes":{"phone":true,"tablet":true,"desktop":true}},"sap.app":{"tags":{"keywords":[]},"destination":"","crossNavigation":{"inbounds":{"14523356-c3b0-436c-a743-f18155308fa4___GenericDefaultSemantic-__GenericDefaultAction":{"action":"run","signature":{"parameters":{},"additionalParameters":"ignored"},"deviceTypes":{"phone":true,"tablet":true,"desktop":true},"semanticObject":"app"}}}},"_version":"1.13.0","sap.integration":{"navMode":"inplace","urlTemplateId":"urltemplate.url","urlTemplateParams":{"url":"https://f123e803ad5c7a.sister.argocdaas.shoot.live.k8s-hana.ondemand.com/applications","query":{"proj":"runtime-context-japan-east-c1f19148-71f7-4883-9f86-8d5ee7634dec","showFavorites":"false"},"enableSapParams":false,"enableIntentParams":false}}}},"_version":"3.0","identification":{"id":"14523356-c3b0-436c-a743-f18155308fa4","title":"{{cdm|identification|title}}","entityType":"businessapp","description":"{{cdm|identification|description}}"}}},{"metadata":{"updatedOn":1759610295453,"updatedBy":"Piotr Tesny","createdBy":"Piotr Tesny","createdOn":1759594522305,"context":{"id":"SUB_ACCOUNT","contextType":"sub_account","tenantId":"0b56309295ed8ec55b606a03b495dc60","identityZoneId":"89f064d1-b987-44b6-ab1f-3a2d83db9dd4","instanceId":"d1bbfd5e-53f8-4634-8cbf-18665ba30196"}},"cdm":{"texts":{"cdm|identification|title":{"type":"XTIT","value":{"":"argocd--us-east"}},"cdm|identification|description":{"type":"XTIT","value":{"":"runtime-context-0-c1f19148-71f7-4883-9f86-8d5ee7634dec"}},"cdm|payload|visualizations|Default-VizId|vizConfig|sap.app|info":{"type":"XTIT","value":{"":""}},"cdm|payload|visualizations|Default-VizId|vizConfig|sap.app|subTitle":{"type":"XTIT","value":{"":""}}},"payload":{"defaultViz":"Default-VizId","defaultVizType":"sap.ushell.StaticAppLauncher","visualizations":{"Default-VizId":{"vizType":"sap.ushell.StaticAppLauncher","vizConfig":{"sap.ui":{"icons":{"icon":"https://raw.githubusercontent.com/ptesny/Team-2712/main/assets/logo.png"}},"sap.app":{"info":"{{cdm|payload|visualizations|Default-VizId|vizConfig|sap.app|info}}","subTitle":"{{cdm|payload|visualizations|Default-VizId|vizConfig|sap.app|subTitle}}"},"sap.flp":{"target":{"type":"IBN","inboundId":"931c6dda-c527-46ee-8b81-965f276c5943___GenericDefaultSemantic-__GenericDefaultAction","parameters":{}}}}}},"targetAppConfig":{"sap.ui":{"deviceTypes":{"phone":true,"tablet":true,"desktop":true}},"sap.app":{"tags":{"keywords":[]},"destination":"","crossNavigation":{"inbounds":{"931c6dda-c527-46ee-8b81-965f276c5943___GenericDefaultSemantic-__GenericDefaultAction":{"action":"run","signature":{"parameters":{},"additionalParameters":"ignored"},"deviceTypes":{"phone":true,"tablet":true,"desktop":true},"semanticObject":"app"}}}},"_version":"1.13.0","sap.integration":{"navMode":"inplace","urlTemplateId":"urltemplate.url","urlTemplateParams":{"url":"https://f123e803ad5c7a.sister.argocdaas.shoot.live.k8s-hana.ondemand.com/applications","query":{"proj":"runtime-context-0-c1f19148-71f7-4883-9f86-8d5ee7634dec","showFavorites":"false"},"enableSapParams":false,"enableIntentParams":false}}}},"_version":"3.0","identification":{"id":"931c6dda-c527-46ee-8b81-965f276c5943","title":"{{cdm|identification|title}}","entityType":"businessapp","description":"{{cdm|identification|description}}"}}},{"metadata":{"updatedOn":1759610309932,"updatedBy":"Piotr Tesny","createdBy":"Piotr Tesny","createdOn":1759593205319,"context":{"id":"SUB_ACCOUNT","contextType":"sub_account","tenantId":"0b56309295ed8ec55b606a03b495dc60","identityZoneId":"89f064d1-b987-44b6-ab1f-3a2d83db9dd4","instanceId":"d1bbfd5e-53f8-4634-8cbf-18665ba30196"}},"cdm":{"texts":{"cdm|identification|title":{"type":"XTIT","value":{"":"argocd--uk-xp264"}},"cdm|identification|description":{"type":"XTIT","value":{"":"runtime-context-uk-xp264-c1f19148-71f7-4883-9f86-8d5ee7634dec"}},"cdm|payload|visualizations|Default-VizId|vizConfig|sap.app|info":{"type":"XTIT","value":{"":""}},"cdm|payload|visualizations|Default-VizId|vizConfig|sap.app|subTitle":{"type":"XTIT","value":{"":""}}},"payload":{"defaultViz":"Default-VizId","defaultVizType":"sap.ushell.StaticAppLauncher","visualizations":{"Default-VizId":{"vizType":"sap.ushell.StaticAppLauncher","vizConfig":{"sap.ui":{"icons":{"icon":"https://raw.githubusercontent.com/ptesny/Team-2712/main/assets/logo.png"}},"sap.app":{"info":"{{cdm|payload|visualizations|Default-VizId|vizConfig|sap.app|info}}","subTitle":"{{cdm|payload|visualizations|Default-VizId|vizConfig|sap.app|subTitle}}"},"sap.flp":{"target":{"type":"IBN","inboundId":"d902e742-f51a-4b14-8661-5e705fdff490___GenericDefaultSemantic-__GenericDefaultAction","parameters":{}}}}}},"targetAppConfig":{"sap.ui":{"deviceTypes":{"phone":true,"tablet":true,"desktop":true}},"sap.app":{"tags":{"keywords":[]},"destination":"","crossNavigation":{"inbounds":{"d902e742-f51a-4b14-8661-5e705fdff490___GenericDefaultSemantic-__GenericDefaultAction":{"action":"run","signature":{"parameters":{},"additionalParameters":"ignored"},"deviceTypes":{"phone":true,"tablet":true,"desktop":true},"semanticObject":"app"}}}},"_version":"1.13.0","sap.integration":{"navMode":"inplace","urlTemplateId":"urltemplate.url","urlTemplateParams":{"url":"https://f123e803ad5c7a.sister.argocdaas.shoot.live.k8s-hana.ondemand.com/applications","query":{"proj":"runtime-context-uk-xp264-c1f19148-71f7-4883-9f86-8d5ee7634dec","showFavorites":"false"},"enableSapParams":false,"enableIntentParams":false}}}},"_version":"3.0","identification":{"id":"d902e742-f51a-4b14-8661-5e705fdff490","title":"{{cdm|identification|title}}","entityType":"businessapp","description":"{{cdm|identification|description}}"}}},{"metadata":{"updatedOn":1759671181680,"updatedBy":"Piotr Tesny","createdBy":"technical","createdOn":1759610907070,"context":{"id":"SUB_ACCOUNT","contextType":"sub_account","tenantId":"0b56309295ed8ec55b606a03b495dc60","identityZoneId":"89f064d1-b987-44b6-ab1f-3a2d83db9dd4","instanceId":"d1bbfd5e-53f8-4634-8cbf-18665ba30196"}},"cdm":{"texts":{"cdm|identification|title":{"type":"XTIT","value":{"":"Launchpad"}},"cdm|identification|description":{"type":"XTIT","value":{"":"Launchpad"}},"cdm|payload|visualizations|Default-VizId|vizConfig|sap.app|info":{"type":"XTIT","value":{"":"SAP Build Apps"}},"cdm|payload|visualizations|Default-VizId|vizConfig|sap.app|subTitle":{"type":"XTIT","value":{"":"Community Edition"}}},"payload":{"defaultViz":"Default-VizId","defaultVizType":"sap.ushell.StaticAppLauncher","visualizations":{"Default-VizId":{"vizType":"sap.ushell.StaticAppLauncher","vizConfig":{"sap.ui":{"icons":{"icon":"sap-icon://appear-offline"}},"sap.app":{"info":"{{cdm|payload|visualizations|Default-VizId|vizConfig|sap.app|info}}","subTitle":"{{cdm|payload|visualizations|Default-VizId|vizConfig|sap.app|subTitle}}"},"sap.flp":{"target":{"type":"IBN","inboundId":"640d6955-0ee0-4323-bbc4-49bff6a7bc11___GenericDefaultSemantic-__GenericDefaultAction","parameters":{}}}}}},"targetAppConfig":{"sap.ui":{"deviceTypes":{"phone":true,"tablet":true,"desktop":true}},"sap.app":{"tags":{"keywords":[]},"destination":"","crossNavigation":{"inbounds":{"640d6955-0ee0-4323-bbc4-49bff6a7bc11___GenericDefaultSemantic-__GenericDefaultAction":{"action":"open","signature":{"parameters":{},"additionalParameters":"ignored"},"deviceTypes":{"phone":true,"tablet":true,"desktop":true},"semanticObject":"launchpad"}}}},"_version":"1.13.0","sap.integration":{"navMode":"inplace","urlTemplateId":"urltemplate.url","urlTemplateParams":{"url":"https://poster-rth.quovadis-btp.com/page.Page26.html","query":{},"enableSapParams":false,"enableIntentParams":false}}}},"_version":"3.0","identification":{"id":"640d6955-0ee0-4323-bbc4-49bff6a7bc11","title":"{{cdm|identification|title}}","entityType":"businessapp","description":"{{cdm|identification|description}}"}}},{"metadata":{"updatedOn":1759670378618,"updatedBy":"Piotr Tesny","createdBy":"technical","createdOn":1759610907070,"context":{"id":"SUB_ACCOUNT","contextType":"sub_account","tenantId":"0b56309295ed8ec55b606a03b495dc60","identityZoneId":"89f064d1-b987-44b6-ab1f-3a2d83db9dd4","instanceId":"d1bbfd5e-53f8-4634-8cbf-18665ba30196"}},"cdm":{"texts":{"cdm|identification|title":{"type":"XTIT","value":{"":"LegoLand"}},"cdm|identification|description":{"type":"XTIT","value":{"":"LegoLand"}},"cdm|payload|visualizations|Default-VizId|vizConfig|sap.app|info":{"type":"XTIT","value":{"":"Have you been there?"}},"cdm|payload|visualizations|Default-VizId|vizConfig|sap.app|subTitle":{"type":"XTIT","value":{"":""}}},"payload":{"defaultViz":"Default-VizId","defaultVizType":"sap.ushell.StaticAppLauncher","visualizations":{"Default-VizId":{"vizType":"sap.ushell.StaticAppLauncher","vizConfig":{"sap.ui":{"icons":{"icon":"https://raw.githubusercontent.com/ptesny/Team-2712/main/assets/modular-kyma.png"}},"sap.app":{"info":"{{cdm|payload|visualizations|Default-VizId|vizConfig|sap.app|info}}","subTitle":"{{cdm|payload|visualizations|Default-VizId|vizConfig|sap.app|subTitle}}"},"sap.flp":{"target":{"type":"IBN","inboundId":"e4150e3f-2a6e-4c7b-b9f7-195b8aded30a___GenericDefaultSemantic-__GenericDefaultAction","parameters":{}}}}}},"targetAppConfig":{"sap.ui":{"deviceTypes":{"phone":true,"tablet":true,"desktop":true}},"sap.app":{"tags":{"keywords":[]},"destination":"","crossNavigation":{"inbounds":{"e4150e3f-2a6e-4c7b-b9f7-195b8aded30a___GenericDefaultSemantic-__GenericDefaultAction":{"action":"show","signature":{"parameters":{},"additionalParameters":"ignored"},"deviceTypes":{"phone":true,"tablet":true,"desktop":true},"semanticObject":"set"}}}},"_version":"1.13.0","sap.integration":{"navMode":"inplace","urlTemplateId":"urltemplate.url","urlTemplateParams":{"url":"https://poster-rth.quovadis-btp.com/page.Page1.html","query":{},"enableSapParams":false,"enableIntentParams":false}}}},"_version":"3.0","identification":{"id":"e4150e3f-2a6e-4c7b-b9f7-195b8aded30a","title":"{{cdm|identification|title}}","entityType":"businessapp","description":"{{cdm|identification|description}}"}}},{"metadata":{"updatedOn":1759670362657,"updatedBy":"Piotr Tesny","createdBy":"technical","createdOn":1759610907070,"context":{"id":"SUB_ACCOUNT","contextType":"sub_account","tenantId":"0b56309295ed8ec55b606a03b495dc60","identityZoneId":"89f064d1-b987-44b6-ab1f-3a2d83db9dd4","instanceId":"d1bbfd5e-53f8-4634-8cbf-18665ba30196"}},"cdm":{"texts":{"cdm|identification|title":{"type":"XTIT","value":{"":"Life at SAP"}},"cdm|identification|description":{"type":"XTIT","value":{"":"Life in SAP"}},"cdm|payload|visualizations|Default-VizId|vizConfig|sap.app|info":{"type":"XTIT","value":{"":"Life in the office?"}},"cdm|payload|visualizations|Default-VizId|vizConfig|sap.app|subTitle":{"type":"XTIT","value":{"":"Nouvelle Vague"}}},"payload":{"defaultViz":"Default-VizId","defaultVizType":"sap.ushell.StaticAppLauncher","visualizations":{"Default-VizId":{"vizType":"sap.ushell.StaticAppLauncher","vizConfig":{"sap.ui":{"icons":{"icon":"https://raw.githubusercontent.com/ptesny/Team-2712/main/assets/cities/london.jpg"}},"sap.app":{"info":"{{cdm|payload|visualizations|Default-VizId|vizConfig|sap.app|info}}","subTitle":"{{cdm|payload|visualizations|Default-VizId|vizConfig|sap.app|subTitle}}"},"sap.flp":{"target":{"type":"IBN","inboundId":"f382138f-e4ca-4007-afc6-aa1727261c32___GenericDefaultSemantic-__GenericDefaultAction","parameters":{}}}}}},"targetAppConfig":{"sap.ui":{"deviceTypes":{"phone":true,"tablet":true,"desktop":true}},"sap.app":{"tags":{"keywords":[]},"destination":"","crossNavigation":{"inbounds":{"f382138f-e4ca-4007-afc6-aa1727261c32___GenericDefaultSemantic-__GenericDefaultAction":{"action":"office","signature":{"parameters":{},"additionalParameters":"ignored"},"deviceTypes":{"phone":true,"tablet":true,"desktop":true},"semanticObject":"which"}}}},"_version":"1.13.0","sap.integration":{"navMode":"inplace","urlTemplateId":"urltemplate.url","urlTemplateParams":{"url":"https://poster-rth.quovadis-btp.com/page.Page11.html","query":{},"enableSapParams":false,"enableIntentParams":false}}}},"_version":"3.0","identification":{"id":"f382138f-e4ca-4007-afc6-aa1727261c32","title":"{{cdm|identification|title}}","entityType":"businessapp","description":"{{cdm|identification|description}}"}}},{"metadata":{"updatedOn":1759612969558,"updatedBy":"Piotr Tesny","createdBy":"Piotr Tesny","createdOn":1759611943399,"context":{"id":"SUB_ACCOUNT","contextType":"sub_account","tenantId":"0b56309295ed8ec55b606a03b495dc60","identityZoneId":"89f064d1-b987-44b6-ab1f-3a2d83db9dd4","instanceId":"d1bbfd5e-53f8-4634-8cbf-18665ba30196"}},"cdm":{"texts":{"cdm|identification|title":{"type":"XTIT","value":{"":"argocd--uk-south"}},"cdm|identification|description":{"type":"XTIT","value":{"":"runtime-context-uk-south-c1f19148-71f7-4883-9f86-8d5ee7634dec"}},"cdm|payload|visualizations|Default-VizId|vizConfig|sap.app|info":{"type":"XTIT","value":{"":""}},"cdm|payload|visualizations|Default-VizId|vizConfig|sap.app|subTitle":{"type":"XTIT","value":{"":""}}},"payload":{"defaultViz":"Default-VizId","defaultVizType":"sap.ushell.StaticAppLauncher","visualizations":{"Default-VizId":{"vizType":"sap.ushell.StaticAppLauncher","vizConfig":{"sap.ui":{"icons":{"icon":"https://raw.githubusercontent.com/ptesny/Team-2712/main/assets/logo.png"}},"sap.app":{"info":"{{cdm|payload|visualizations|Default-VizId|vizConfig|sap.app|info}}","subTitle":"{{cdm|payload|visualizations|Default-VizId|vizConfig|sap.app|subTitle}}"},"sap.flp":{"target":{"type":"IBN","inboundId":"74b5cda9-b6af-4178-ae1a-1955f8601248___GenericDefaultSemantic-__GenericDefaultAction","parameters":{}}}}}},"targetAppConfig":{"sap.ui":{"deviceTypes":{"phone":true,"tablet":true,"desktop":true}},"sap.app":{"tags":{"keywords":[]},"destination":"","crossNavigation":{"inbounds":{"74b5cda9-b6af-4178-ae1a-1955f8601248___GenericDefaultSemantic-__GenericDefaultAction":{"action":"run","signature":{"parameters":{},"additionalParameters":"ignored"},"deviceTypes":{"phone":true,"tablet":true,"desktop":true},"semanticObject":"app"}}}},"_version":"1.13.0","sap.integration":{"navMode":"inplace","urlTemplateId":"urltemplate.url","urlTemplateParams":{"url":"https://f123e803ad5c7a.sister.argocdaas.shoot.live.k8s-hana.ondemand.com/applications","query":{"proj":"runtime-context-uk-south-c1f19148-71f7-4883-9f86-8d5ee7634dec","showFavorites":"false"},"enableSapParams":false,"enableIntentParams":false}}}},"_version":"3.0","identification":{"id":"74b5cda9-b6af-4178-ae1a-1955f8601248","title":"{{cdm|identification|title}}","entityType":"businessapp","description":"{{cdm|identification|description}}"}}},{"metadata":{"updatedOn":1759657755240,"updatedBy":"Piotr Tesny","createdBy":"Piotr Tesny","createdOn":1759565465417,"context":{"id":"SUB_ACCOUNT","contextType":"sub_account","tenantId":"0b56309295ed8ec55b606a03b495dc60","identityZoneId":"89f064d1-b987-44b6-ab1f-3a2d83db9dd4","instanceId":"d1bbfd5e-53f8-4634-8cbf-18665ba30196"}},"cdm":{"texts":{"cdm|identification|title":{"type":"XTIT","value":{"":"us-east--ca15e0c"}},"cdm|identification|description":{"type":"XTIT","value":{"":"us-east--ca15e0c"}},"cdm|payload|visualizations|Default-VizId|vizConfig|sap.app|info":{"type":"XTIT","value":{"":""}},"cdm|payload|visualizations|Default-VizId|vizConfig|sap.app|subTitle":{"type":"XTIT","value":{"":""}}},"payload":{"defaultViz":"Default-VizId","defaultVizType":"sap.ushell.StaticAppLauncher","visualizations":{"Default-VizId":{"vizType":"sap.ushell.StaticAppLauncher","vizConfig":{"sap.ui":{"icons":{"icon":"https://raw.githubusercontent.com/ptesny/Team-2712/main/assets/kyma_dashboard_url_useast.png"}},"sap.app":{"info":"{{cdm|payload|visualizations|Default-VizId|vizConfig|sap.app|info}}","subTitle":"{{cdm|payload|visualizations|Default-VizId|vizConfig|sap.app|subTitle}}"},"sap.flp":{"target":{"type":"IBN","inboundId":"69f9e85f-b57d-4353-bc4c-a914ee762305___GenericDefaultSemantic-__GenericDefaultAction","parameters":{}}}}}},"targetAppConfig":{"sap.ui":{"deviceTypes":{"phone":true,"tablet":true,"desktop":true}},"sap.app":{"tags":{"keywords":[]},"destination":"","crossNavigation":{"inbounds":{"69f9e85f-b57d-4353-bc4c-a914ee762305___GenericDefaultSemantic-__GenericDefaultAction":{"action":"run","signature":{"parameters":{},"additionalParameters":"ignored"},"deviceTypes":{"phone":true,"tablet":true,"desktop":true},"semanticObject":"app"}}}},"_version":"1.13.0","sap.integration":{"navMode":"explace","urlTemplateId":"urltemplate.url","urlTemplateParams":{"url":"https://dashboard.kyma.cloud.sap/?kubeconfigID=72A4A32B-0D0A-47DE-90C9-A65D52C8ADBE","query":{},"enableSapParams":false,"enableIntentParams":false}}}},"_version":"3.0","identification":{"id":"69f9e85f-b57d-4353-bc4c-a914ee762305","title":"{{cdm|identification|title}}","entityType":"businessapp","description":"{{cdm|identification|description}}"}}},{"metadata":{"updatedOn":1759657565906,"updatedBy":"Piotr Tesny","createdBy":"Piotr Tesny","createdOn":1759611599633,"context":{"id":"SUB_ACCOUNT","contextType":"sub_account","tenantId":"0b56309295ed8ec55b606a03b495dc60","identityZoneId":"89f064d1-b987-44b6-ab1f-3a2d83db9dd4","instanceId":"d1bbfd5e-53f8-4634-8cbf-18665ba30196"}},"cdm":{"texts":{"cdm|identification|title":{"type":"XTIT","value":{"":"uk-south--a896778"}},"cdm|identification|description":{"type":"XTIT","value":{"":"uk-south--a896778"}},"cdm|payload|visualizations|Default-VizId|vizConfig|sap.app|info":{"type":"XTIT","value":{"":""}},"cdm|payload|visualizations|Default-VizId|vizConfig|sap.app|subTitle":{"type":"XTIT","value":{"":""}}},"payload":{"defaultViz":"Default-VizId","defaultVizType":"sap.ushell.StaticAppLauncher","visualizations":{"Default-VizId":{"vizType":"sap.ushell.StaticAppLauncher","vizConfig":{"sap.ui":{"icons":{"icon":"https://raw.githubusercontent.com/ptesny/Team-2712/main/assets/kyma-dashboard-url-uksouth.png"}},"sap.app":{"info":"{{cdm|payload|visualizations|Default-VizId|vizConfig|sap.app|info}}","subTitle":"{{cdm|payload|visualizations|Default-VizId|vizConfig|sap.app|subTitle}}"},"sap.flp":{"target":{"type":"IBN","inboundId":"6be6879a-d860-48b1-af44-91e3050f0d1b___GenericDefaultSemantic-__GenericDefaultAction","parameters":{}}}}}},"targetAppConfig":{"sap.ui":{"deviceTypes":{"phone":true,"tablet":true,"desktop":true}},"sap.app":{"tags":{"keywords":[]},"destination":"","crossNavigation":{"inbounds":{"6be6879a-d860-48b1-af44-91e3050f0d1b___GenericDefaultSemantic-__GenericDefaultAction":{"action":"run","signature":{"parameters":{},"additionalParameters":"ignored"},"deviceTypes":{"phone":true,"tablet":true,"desktop":true},"semanticObject":"app"}}}},"_version":"1.13.0","sap.integration":{"navMode":"explace","urlTemplateId":"urltemplate.url","urlTemplateParams":{"url":"https://dashboard.kyma.cloud.sap/?kubeconfigID=6D0AF763-179E-4F84-8ED0-724B3C0C2C92","query":{},"enableSapParams":false,"enableIntentParams":false}}}},"_version":"3.0","identification":{"id":"6be6879a-d860-48b1-af44-91e3050f0d1b","title":"{{cdm|identification|title}}","entityType":"businessapp","description":"{{cdm|identification|description}}"}}},{"metadata":{"updatedOn":1759670335892,"updatedBy":"Piotr Tesny","createdBy":"technical","createdOn":1759610907070,"context":{"id":"SUB_ACCOUNT","contextType":"sub_account","tenantId":"0b56309295ed8ec55b606a03b495dc60","identityZoneId":"89f064d1-b987-44b6-ab1f-3a2d83db9dd4","instanceId":"d1bbfd5e-53f8-4634-8cbf-18665ba30196"}},"cdm":{"texts":{"cdm|identification|title":{"type":"XTIT","value":{"":"Life on Mars"}},"cdm|identification|description":{"type":"XTIT","value":{"":"Life on Mars"}},"cdm|payload|visualizations|Default-VizId|vizConfig|sap.app|info":{"type":"XTIT","value":{"":"would you fancy?"}},"cdm|payload|visualizations|Default-VizId|vizConfig|sap.app|subTitle":{"type":"XTIT","value":{"":"Mars Attack"}}},"payload":{"defaultViz":"Default-VizId","defaultVizType":"sap.ushell.StaticAppLauncher","visualizations":{"Default-VizId":{"vizType":"sap.ushell.StaticAppLauncher","vizConfig":{"sap.ui":{"icons":{"icon":"https://raw.githubusercontent.com/ptesny/Team-2712/main/assets/Perseverance_rover.jpeg"}},"sap.app":{"info":"{{cdm|payload|visualizations|Default-VizId|vizConfig|sap.app|info}}","subTitle":"{{cdm|payload|visualizations|Default-VizId|vizConfig|sap.app|subTitle}}"},"sap.flp":{"target":{"type":"IBN","inboundId":"f8d617a0-8cac-41ac-9c0e-9f0621c2d293___GenericDefaultSemantic-__GenericDefaultAction","parameters":{}}}}}},"targetAppConfig":{"sap.ui":{"deviceTypes":{"phone":true,"tablet":true,"desktop":true}},"sap.app":{"tags":{"keywords":[]},"destination":"","crossNavigation":{"inbounds":{"f8d617a0-8cac-41ac-9c0e-9f0621c2d293___GenericDefaultSemantic-__GenericDefaultAction":{"action":"attack","signature":{"parameters":{},"additionalParameters":"ignored"},"deviceTypes":{"phone":true,"tablet":true,"desktop":true},"semanticObject":"mars"}}}},"_version":"1.13.0","sap.integration":{"navMode":"inplace","urlTemplateId":"urltemplate.url","urlTemplateParams":{"url":"https://poster-rth.quovadis-btp.com/page.Page15.html","query":{},"enableSapParams":false,"enableIntentParams":false}}}},"_version":"3.0","identification":{"id":"f8d617a0-8cac-41ac-9c0e-9f0621c2d293","title":"{{cdm|identification|title}}","entityType":"businessapp","description":"{{cdm|identification|description}}"}}},{"metadata":{"updatedOn":1759670394449,"updatedBy":"Piotr Tesny","createdBy":"technical","createdOn":1759610907070,"context":{"id":"SUB_ACCOUNT","contextType":"sub_account","tenantId":"0b56309295ed8ec55b606a03b495dc60","identityZoneId":"89f064d1-b987-44b6-ab1f-3a2d83db9dd4","instanceId":"d1bbfd5e-53f8-4634-8cbf-18665ba30196"}},"cdm":{"texts":{"cdm|identification|title":{"type":"XTIT","value":{"":"Musee du Louvre"}},"cdm|identification|description":{"type":"XTIT","value":{"":"quovadis-anywhere"}},"cdm|payload|visualizations|Default-VizId|vizConfig|sap.app|info":{"type":"XTIT","value":{"":"DALLE-2 craft"}},"cdm|payload|visualizations|Default-VizId|vizConfig|sap.app|subTitle":{"type":"XTIT","value":{"":""}}},"payload":{"defaultViz":"Default-VizId","defaultVizType":"sap.ushell.StaticAppLauncher","visualizations":{"Default-VizId":{"vizType":"sap.ushell.StaticAppLauncher","vizConfig":{"sap.ui":{"icons":{"icon":"https://raw.githubusercontent.com/ptesny/Team-2712/main/assets/img/piet-mug.jpeg"}},"sap.app":{"info":"{{cdm|payload|visualizations|Default-VizId|vizConfig|sap.app|info}}","subTitle":"{{cdm|payload|visualizations|Default-VizId|vizConfig|sap.app|subTitle}}"},"sap.flp":{"target":{"type":"IBN","inboundId":"d33d8d7f-ae15-4ab4-b022-84be450c69a3___GenericDefaultSemantic-__GenericDefaultAction","parameters":{}}}}}},"targetAppConfig":{"sap.ui":{"deviceTypes":{"phone":true,"tablet":true,"desktop":true}},"sap.app":{"tags":{"keywords":[]},"destination":"","crossNavigation":{"inbounds":{"d33d8d7f-ae15-4ab4-b022-84be450c69a3___GenericDefaultSemantic-__GenericDefaultAction":{"action":"anywhere","signature":{"parameters":{},"additionalParameters":"ignored"},"deviceTypes":{"phone":true,"tablet":true,"desktop":true},"semanticObject":"quovadis"}}}},"_version":"1.13.0","sap.integration":{"navMode":"inplace","urlTemplateId":"urltemplate.url","urlTemplateParams":{"url":"https://poster-rth.quovadis-btp.com/page.Page23.html","query":{},"enableSapParams":false,"enableIntentParams":false}}}},"_version":"3.0","identification":{"id":"d33d8d7f-ae15-4ab4-b022-84be450c69a3","title":"{{cdm|identification|title}}","entityType":"businessapp","description":"{{cdm|identification|description}}"}}},{"metadata":{"updatedOn":1759670483929,"updatedBy":"Piotr Tesny","createdBy":"technical","createdOn":1759610907070,"context":{"id":"SUB_ACCOUNT","contextType":"sub_account","tenantId":"0b56309295ed8ec55b606a03b495dc60","identityZoneId":"89f064d1-b987-44b6-ab1f-3a2d83db9dd4","instanceId":"d1bbfd5e-53f8-4634-8cbf-18665ba30196"}},"cdm":{"texts":{"cdm|identification|title":{"type":"XTIT","value":{"":"CineLand"}},"cdm|identification|description":{"type":"XTIT","value":{"":"Cineland"}},"cdm|payload|visualizations|Default-VizId|vizConfig|sap.app|info":{"type":"XTIT","value":{"":""}},"cdm|payload|visualizations|Default-VizId|vizConfig|sap.app|subTitle":{"type":"XTIT","value":{"":"CineLand"}}},"payload":{"defaultViz":"Default-VizId","defaultVizType":"sap.ushell.StaticAppLauncher","visualizations":{"Default-VizId":{"vizType":"sap.ushell.StaticAppLauncher","vizConfig":{"sap.ui":{"icons":{"icon":"sap-icon://theater"}},"sap.app":{"info":"{{cdm|payload|visualizations|Default-VizId|vizConfig|sap.app|info}}","subTitle":"{{cdm|payload|visualizations|Default-VizId|vizConfig|sap.app|subTitle}}"},"sap.flp":{"target":{"type":"IBN","inboundId":"6a42fc36-047d-41fd-8ebd-8a6abea37303___GenericDefaultSemantic-__GenericDefaultAction","parameters":{}}}}}},"targetAppConfig":{"sap.ui":{"deviceTypes":{"phone":true,"tablet":true,"desktop":true}},"sap.app":{"tags":{"keywords":[]},"destination":"","crossNavigation":{"inbounds":{"6a42fc36-047d-41fd-8ebd-8a6abea37303___GenericDefaultSemantic-__GenericDefaultAction":{"action":"display","signature":{"parameters":{},"additionalParameters":"ignored"},"deviceTypes":{"phone":true,"tablet":true,"desktop":true},"semanticObject":"movie"}}}},"_version":"1.13.0","sap.integration":{"navMode":"inplace","urlTemplateId":"urltemplate.url","urlTemplateParams":{"url":"https://poster-rth.quovadis-btp.com/page.Page25.html","query":{},"enableSapParams":false,"enableIntentParams":false}}}},"_version":"3.0","identification":{"id":"6a42fc36-047d-41fd-8ebd-8a6abea37303","title":"{{cdm|identification|title}}","entityType":"businessapp","description":"{{cdm|identification|description}}"}}}]