[{"metadata":{"updatedOn":1708159684000,"updatedBy":"Piotr Tesny","createdBy":"Piotr Tesny","createdOn":1708159684000,"context":{"id":"ec5f14c5-63bc-4c6d-a808-7ca694251365","contextType":"site","tenantId":"c38774bba200a484d09ef2982e3e17e7","identityZoneId":"c1af06d9-b7b0-4dd2-809f-9b7b70349cdc","instanceId":"82bcc430-0120-401f-acbd-7fa672ba0556"}},"cdm":{"payload":{"config":{"ushellConfig":{"services":{"AllMyApps":{"config":{"enabled":true}}},"renderers":{"fiori2":{"componentData":{"config":{"rootIntent":"Shell-home","applications":{"Shell-home":{"enableEasyAccess":false,"enableHomePageSettings":true}},"enableSearch":true,"sizeBehavior":"Responsive","enableSetTheme":true,"enableHideGroups":true,"enableUserThemes":true,"enableSetLanguage":true,"enableTilesOpacity":false,"enableRecentActivity":false,"enablePersonalization":true,"searchBusinessObjects":false,"enableAutomaticSignout":true,"enableActionModeMenuButton":true,"enableUserDefaultParameters":true,"enableFeaturePolicyInIframes":true,"enableActionModeFloatingButton":true,"moveAppFinderActionToShellHeader":false,"moveEditHomePageActionToShellHeader":false,"moveUserSettingsActionToShellHeader":false}}}},"modulePaths":{},"bootstrapPlugins":{"MobileStartQrCode":{"url":"/cp.portal/sap/cf/plugins/MobileStartQrCode","component":"MobileStartQrCode"}}}},"groupsOrder":[],"sap.cloud.portal":{"config":{"icon":"portalsitetemplates/flp/preview.png","menu":{"width":"full","height":"s","version":"2.0","alignment":"left","availableMobile":true,"availableDesktop":true},"theme.id":"sap_horizon","theme.active":["sap_fiori_3","sap_fiori_3_dark","sap_belize_hcb","sap_belize_hcw","sap_horizon","sap_horizon_dark","sap_horizon_hcb","sap_horizon_hcw"]},"locales":{"available":["","en"]},"_version":"1.2.0","availablePageTemplates":[]}},"_version":"3.0.1","identification":{"id":"ec5f14c5-63bc-4c6d-a808-7ca694251365","title":"poster-rth","entityType":"site"}}}]