[{"metadata":{"updatedOn":1723723122290,"updatedBy":"Piotr Tesny","createdBy":"Piotr Tesny","createdOn":1723723122290,"context":{"id":"SUB_ACCOUNT","contextType":"sub_account","tenantId":"c38774bba200a484d09ef2982e3e17e7","identityZoneId":"c1af06d9-b7b0-4dd2-809f-9b7b70349cdc","instanceId":"82bcc430-0120-401f-acbd-7fa672ba0556"}},"cdm":{"texts":{"cdm|identification|title":{"type":"XTIT","value":{"":"myArgoCDaaS"}},"cdm|identification|description":{"type":"XTIT","value":{"":"myArgoCDaaS"}},"cdm|payload|visualizations|Default-VizId|vizConfig|sap.app|info":{"type":"XTIT","value":{"":"213a7545aadb.2-eu12.argocdaas.shoot.canary.k8s-hana.ondemand.com"}},"cdm|payload|visualizations|Default-VizId|vizConfig|sap.app|subTitle":{"type":"XTIT","value":{"":""}}},"payload":{"defaultViz":"Default-VizId","defaultVizType":"sap.ushell.StaticAppLauncher","visualizations":{"Default-VizId":{"vizType":"sap.ushell.StaticAppLauncher","vizConfig":{"sap.ui":{"icons":{"icon":"https://raw.githubusercontent.com/ptesny/Team-2712/main/assets/logo.png"}},"sap.app":{"info":"{{cdm|payload|visualizations|Default-VizId|vizConfig|sap.app|info}}","subTitle":"{{cdm|payload|visualizations|Default-VizId|vizConfig|sap.app|subTitle}}"},"sap.flp":{"target":{"type":"IBN","inboundId":"a8addacb-f6cf-427c-be53-a2648afd6992___GenericDefaultSemantic-__GenericDefaultAction","parameters":{}}}}}},"targetAppConfig":{"sap.app":{"tags":{"keywords":[]},"crossNavigation":{"inbounds":{"a8addacb-f6cf-427c-be53-a2648afd6992___GenericDefaultSemantic-__GenericDefaultAction":{"action":"view","signature":{"parameters":{},"additionalParameters":"ignored"},"deviceTypes":{"phone":true,"tablet":true,"desktop":true},"semanticObject":"application"}}}},"_version":"1.13.0","sap.integration":{"navMode":"inplace","urlTemplateId":"urltemplate.url","urlTemplateParams":{"url":"https://213a7545aadb.2-eu12.argocdaas.shoot.canary.k8s-hana.ondemand.com/applications","query":{},"enableSapParams":false}}}},"_version":"3.0","identification":{"id":"a8addacb-f6cf-427c-be53-a2648afd6992","title":"{{cdm|identification|title}}","entityType":"businessapp","description":"{{cdm|identification|description}}"}}},{"metadata":{"updatedOn":1723723122290,"updatedBy":"Piotr Tesny","createdBy":"Piotr Tesny","createdOn":1723723122290,"context":{"id":"SUB_ACCOUNT","contextType":"sub_account","tenantId":"c38774bba200a484d09ef2982e3e17e7","identityZoneId":"c1af06d9-b7b0-4dd2-809f-9b7b70349cdc","instanceId":"82bcc430-0120-401f-acbd-7fa672ba0556"}},"cdm":{"texts":{"cdm|identification|title":{"type":"XTIT","value":{"":"Business applications"}},"cdm|identification|description":{"type":"XTIT","value":{"":"Business applications"}},"cdm|payload|visualizations|Default-VizId|vizConfig|sap.app|info":{"type":"XTIT","value":{"":"what a fun...?"}},"cdm|payload|visualizations|Default-VizId|vizConfig|sap.app|subTitle":{"type":"XTIT","value":{"":""}}},"payload":{"defaultViz":"Default-VizId","defaultVizType":"sap.ushell.StaticAppLauncher","visualizations":{"Default-VizId":{"vizType":"sap.ushell.StaticAppLauncher","vizConfig":{"sap.ui":{"icons":{"icon":"sap-icon://business-objects-mobile"}},"sap.app":{"info":"{{cdm|payload|visualizations|Default-VizId|vizConfig|sap.app|info}}","subTitle":"{{cdm|payload|visualizations|Default-VizId|vizConfig|sap.app|subTitle}}"},"sap.flp":{"target":{"type":"IBN","inboundId":"ba01aadf-f93c-4377-a531-b5c777896254___GenericDefaultSemantic-__GenericDefaultAction","parameters":{}}}}}},"targetAppConfig":{"sap.app":{"tags":{"keywords":[]},"crossNavigation":{"inbounds":{"ba01aadf-f93c-4377-a531-b5c777896254___GenericDefaultSemantic-__GenericDefaultAction":{"action":"run","signature":{"parameters":{},"additionalParameters":"ignored"},"deviceTypes":{"phone":true,"tablet":true,"desktop":true},"semanticObject":"lob"}}}},"_version":"1.13.0","sap.integration":{"navMode":"inplace","urlTemplateId":"urltemplate.url","urlTemplateParams":{"url":"https://poster-kyma-rwx.rwx.quovadis-anywhere.com/page.Page14.html","query":{},"enableSapParams":false}}}},"_version":"3.0","identification":{"id":"ba01aadf-f93c-4377-a531-b5c777896254","title":"{{cdm|identification|title}}","entityType":"businessapp","description":"{{cdm|identification|description}}"}}},{"metadata":{"updatedOn":1723723122290,"updatedBy":"Piotr Tesny","createdBy":"Piotr Tesny","createdOn":1723723122290,"context":{"id":"SUB_ACCOUNT","contextType":"sub_account","tenantId":"c38774bba200a484d09ef2982e3e17e7","identityZoneId":"c1af06d9-b7b0-4dd2-809f-9b7b70349cdc","instanceId":"82bcc430-0120-401f-acbd-7fa672ba0556"}},"cdm":{"texts":{"cdm|identification|title":{"type":"XTIT","value":{"":"Tell us a story"}},"cdm|identification|description":{"type":"XTIT","value":{"":"Tell us a story"}},"cdm|payload|visualizations|Default-VizId|vizConfig|sap.app|info":{"type":"XTIT","value":{"":"Marketing highlights"}},"cdm|payload|visualizations|Default-VizId|vizConfig|sap.app|subTitle":{"type":"XTIT","value":{"":""}}},"payload":{"defaultViz":"Default-VizId","defaultVizType":"sap.ushell.StaticAppLauncher","visualizations":{"Default-VizId":{"vizType":"sap.ushell.StaticAppLauncher","vizConfig":{"sap.ui":{"icons":{"icon":""}},"sap.app":{"info":"{{cdm|payload|visualizations|Default-VizId|vizConfig|sap.app|info}}","subTitle":"{{cdm|payload|visualizations|Default-VizId|vizConfig|sap.app|subTitle}}"},"sap.flp":{"target":{"type":"IBN","inboundId":"a56a99ff-794c-40e4-bd68-efc04942a1db___GenericDefaultSemantic-__GenericDefaultAction","parameters":{}}}}}},"targetAppConfig":{"sap.app":{"tags":{"keywords":[]},"crossNavigation":{"inbounds":{"a56a99ff-794c-40e4-bd68-efc04942a1db___GenericDefaultSemantic-__GenericDefaultAction":{"action":"tell","signature":{"parameters":{},"additionalParameters":"ignored"},"deviceTypes":{"phone":true,"tablet":true,"desktop":true},"semanticObject":"story"}}}},"_version":"1.13.0","sap.integration":{"navMode":"inplace","urlTemplateId":"urltemplate.url","urlTemplateParams":{"url":"https://poster-kyma-ur.btp.quovadis-anywhere.com/dynamic_dest/poster_esac/opendocument","query":{"story":"ateam-partnereng3"},"enableSapParams":false}}}},"_version":"3.0","identification":{"id":"a56a99ff-794c-40e4-bd68-efc04942a1db","title":"{{cdm|identification|title}}","entityType":"businessapp","description":"{{cdm|identification|description}}"}}},{"metadata":{"updatedOn":1723723122290,"updatedBy":"Piotr Tesny","createdBy":"76e361d6-3688-4889-820f-7af9c020792d","createdOn":1723723122290,"context":{"id":"SUB_ACCOUNT","contextType":"sub_account","tenantId":"c38774bba200a484d09ef2982e3e17e7","identityZoneId":"c1af06d9-b7b0-4dd2-809f-9b7b70349cdc","instanceId":"82bcc430-0120-401f-acbd-7fa672ba0556"}},"cdm":{"texts":{"cdm|identification|title":{"type":"XTIT","value":{"":"ArgoCD"}},"cdm|identification|description":{"type":"XTIT","value":{"":""}},"cdm|payload|visualizations|Default-VizId|vizConfig|sap.app|info":{"type":"XTIT","value":{"":""}},"cdm|payload|visualizations|Default-VizId|vizConfig|sap.app|subTitle":{"type":"XTIT","value":{"":""}}},"payload":{"defaultViz":"Default-VizId","defaultVizType":"sap.ushell.StaticAppLauncher","visualizations":{"Default-VizId":{"vizType":"sap.ushell.StaticAppLauncher","vizConfig":{"sap.ui":{"icons":{"icon":""}},"sap.app":{"info":"{{cdm|payload|visualizations|Default-VizId|vizConfig|sap.app|info}}","subTitle":"{{cdm|payload|visualizations|Default-VizId|vizConfig|sap.app|subTitle}}"},"sap.flp":{"target":{"type":"IBN","inboundId":"a9667d46-caff-4a25-b19e-147422d51ae3___GenericDefaultSemantic-__GenericDefaultAction","parameters":{}}}}}},"targetAppConfig":{"sap.app":{"tags":{"keywords":[]},"crossNavigation":{"inbounds":{"a9667d46-caff-4a25-b19e-147422d51ae3___GenericDefaultSemantic-__GenericDefaultAction":{"action":"embed","signature":{"parameters":{},"additionalParameters":"ignored"},"deviceTypes":{"phone":true,"tablet":true,"desktop":true},"semanticObject":"argocd"}}}},"_version":"1.13.0","sap.integration":{"navMode":"inplace","urlTemplateId":"urltemplate.url","urlTemplateParams":{"url":"https://argo.acdma.argocdaas.shoot.canary.k8s-hana.ondemand.com/applications","query":{},"enableSapParams":false}}}},"_version":"3.0","identification":{"id":"a9667d46-caff-4a25-b19e-147422d51ae3","title":"{{cdm|identification|title}}","entityType":"businessapp","description":"{{cdm|identification|description}}"}}},{"metadata":{"updatedOn":1723723122290,"updatedBy":"Piotr Tesny","createdBy":"76e361d6-3688-4889-820f-7af9c020792d","createdOn":1723723122290,"context":{"id":"SUB_ACCOUNT","contextType":"sub_account","tenantId":"c38774bba200a484d09ef2982e3e17e7","identityZoneId":"c1af06d9-b7b0-4dd2-809f-9b7b70349cdc","instanceId":"82bcc430-0120-401f-acbd-7fa672ba0556"}},"cdm":{"texts":{"cdm|identification|title":{"type":"XTIT","value":{"":"Musee du Louvre"}},"cdm|identification|description":{"type":"XTIT","value":{"":"quovadis-anywhere"}},"cdm|payload|visualizations|Default-VizId|vizConfig|sap.app|info":{"type":"XTIT","value":{"":"DALLE-2 craft"}},"cdm|payload|visualizations|Default-VizId|vizConfig|sap.app|subTitle":{"type":"XTIT","value":{"":""}}},"payload":{"defaultViz":"Default-VizId","defaultVizType":"sap.ushell.StaticAppLauncher","visualizations":{"Default-VizId":{"vizType":"sap.ushell.StaticAppLauncher","vizConfig":{"sap.ui":{"icons":{"icon":"https://raw.githubusercontent.com/ptesny/Team-2712/main/assets/img/piet-mug.jpeg"}},"sap.app":{"info":"{{cdm|payload|visualizations|Default-VizId|vizConfig|sap.app|info}}","subTitle":"{{cdm|payload|visualizations|Default-VizId|vizConfig|sap.app|subTitle}}"},"sap.flp":{"target":{"type":"IBN","inboundId":"d33d8d7f-ae15-4ab4-b022-84be450c69a3___GenericDefaultSemantic-__GenericDefaultAction","parameters":{}}}}}},"targetAppConfig":{"sap.app":{"tags":{"keywords":[]},"crossNavigation":{"inbounds":{"d33d8d7f-ae15-4ab4-b022-84be450c69a3___GenericDefaultSemantic-__GenericDefaultAction":{"action":"anywhere","signature":{"parameters":{},"additionalParameters":"ignored"},"deviceTypes":{"phone":true,"tablet":true,"desktop":true},"semanticObject":"quovadis"}}}},"_version":"1.13.0","sap.integration":{"navMode":"inplace","urlTemplateId":"urltemplate.url","urlTemplateParams":{"url":"https://poster-kyma-ur.btp.quovadis-anywhere.com/page.Page23.html","query":{},"enableSapParams":false}}}},"_version":"3.0","identification":{"id":"d33d8d7f-ae15-4ab4-b022-84be450c69a3","title":"{{cdm|identification|title}}","entityType":"businessapp","description":"{{cdm|identification|description}}"}}},{"metadata":{"updatedOn":1723723122290,"updatedBy":"Piotr Tesny","createdBy":"Piotr Tesny","createdOn":1723723122290,"context":{"id":"SUB_ACCOUNT","contextType":"sub_account","tenantId":"c38774bba200a484d09ef2982e3e17e7","identityZoneId":"c1af06d9-b7b0-4dd2-809f-9b7b70349cdc","instanceId":"82bcc430-0120-401f-acbd-7fa672ba0556"}},"cdm":{"texts":{"cdm|identification|title":{"type":"XTIT","value":{"":"CineLand"}},"cdm|identification|description":{"type":"XTIT","value":{"":"Cineland"}},"cdm|payload|visualizations|Default-VizId|vizConfig|sap.app|info":{"type":"XTIT","value":{"":""}},"cdm|payload|visualizations|Default-VizId|vizConfig|sap.app|subTitle":{"type":"XTIT","value":{"":"CineLand"}}},"payload":{"defaultViz":"Default-VizId","defaultVizType":"sap.ushell.StaticAppLauncher","visualizations":{"Default-VizId":{"vizType":"sap.ushell.StaticAppLauncher","vizConfig":{"sap.ui":{"icons":{"icon":"sap-icon://theater"}},"sap.app":{"info":"{{cdm|payload|visualizations|Default-VizId|vizConfig|sap.app|info}}","subTitle":"{{cdm|payload|visualizations|Default-VizId|vizConfig|sap.app|subTitle}}"},"sap.flp":{"target":{"type":"IBN","inboundId":"6a42fc36-047d-41fd-8ebd-8a6abea37303___GenericDefaultSemantic-__GenericDefaultAction","parameters":{}}}}}},"targetAppConfig":{"sap.app":{"tags":{"keywords":[]},"crossNavigation":{"inbounds":{"6a42fc36-047d-41fd-8ebd-8a6abea37303___GenericDefaultSemantic-__GenericDefaultAction":{"action":"display","signature":{"parameters":{},"additionalParameters":"ignored"},"deviceTypes":{"phone":true,"tablet":true,"desktop":true},"semanticObject":"movie"}}}},"_version":"1.13.0","sap.integration":{"navMode":"inplace","urlTemplateId":"urltemplate.url","urlTemplateParams":{"url":"https://poster-kyma-ur.btp.quovadis-anywhere.com/page.Page25.html","query":{},"enableSapParams":false}}}},"_version":"3.0","identification":{"id":"6a42fc36-047d-41fd-8ebd-8a6abea37303","title":"{{cdm|identification|title}}","entityType":"businessapp","description":"{{cdm|identification|description}}"}}},{"metadata":{"updatedOn":1723723122290,"updatedBy":"Piotr Tesny","createdBy":"76e361d6-3688-4889-820f-7af9c020792d","createdOn":1723723122290,"context":{"id":"SUB_ACCOUNT","contextType":"sub_account","tenantId":"c38774bba200a484d09ef2982e3e17e7","identityZoneId":"c1af06d9-b7b0-4dd2-809f-9b7b70349cdc","instanceId":"82bcc430-0120-401f-acbd-7fa672ba0556"}},"cdm":{"texts":{"cdm|identification|title":{"type":"XTIT","value":{"":"spotify-player"}},"cdm|identification|description":{"type":"XTIT","value":{"":"spotify-player"}},"cdm|payload|visualizations|Default-VizId|vizConfig|sap.app|info":{"type":"XTIT","value":{"":""}},"cdm|payload|visualizations|Default-VizId|vizConfig|sap.app|subTitle":{"type":"XTIT","value":{"":""}}},"payload":{"defaultViz":"Default-VizId","defaultVizType":"sap.ushell.StaticAppLauncher","visualizations":{"Default-VizId":{"vizType":"sap.ushell.StaticAppLauncher","vizConfig":{"sap.ui":{"icons":{"icon":"https://raw.githubusercontent.com/ptesny/Team-2712/main/assets/spotify-icons-logos/icons/01_RGB/02_PNG/Spotify_Icon_RGB_Black.png"}},"sap.app":{"info":"{{cdm|payload|visualizations|Default-VizId|vizConfig|sap.app|info}}","subTitle":"{{cdm|payload|visualizations|Default-VizId|vizConfig|sap.app|subTitle}}"},"sap.flp":{"target":{"type":"IBN","inboundId":"51003081-1514-4a3d-861b-9a5cf4cb2fa5___GenericDefaultSemantic-__GenericDefaultAction","parameters":{}}}}}},"targetAppConfig":{"sap.app":{"tags":{"keywords":[]},"crossNavigation":{"inbounds":{"51003081-1514-4a3d-861b-9a5cf4cb2fa5___GenericDefaultSemantic-__GenericDefaultAction":{"action":"play","signature":{"parameters":{},"additionalParameters":"ignored"},"deviceTypes":{"phone":true,"tablet":true,"desktop":true},"semanticObject":"spotifyme"}}}},"_version":"1.13.0","sap.integration":{"navMode":"explace","urlTemplateId":"urltemplate.url","urlTemplateParams":{"url":"https://poster-kyma-ur.btp.quovadis-anywhere.com/srv/dest","query":{"path":"spotify-player","destination":"spotifyme"},"enableSapParams":false}}}},"_version":"3.0","identification":{"id":"51003081-1514-4a3d-861b-9a5cf4cb2fa5","title":"{{cdm|identification|title}}","entityType":"businessapp","description":"{{cdm|identification|description}}"}}},{"metadata":{"updatedOn":1723723122290,"updatedBy":"Piotr Tesny","createdBy":"Piotr Tesny","createdOn":1723723122290,"context":{"id":"SUB_ACCOUNT","contextType":"sub_account","tenantId":"c38774bba200a484d09ef2982e3e17e7","identityZoneId":"c1af06d9-b7b0-4dd2-809f-9b7b70349cdc","instanceId":"82bcc430-0120-401f-acbd-7fa672ba0556"}},"cdm":{"texts":{"cdm|identification|title":{"type":"XTIT","value":{"":"Launchpad"}},"cdm|identification|description":{"type":"XTIT","value":{"":"Launchpad"}},"cdm|payload|visualizations|Default-VizId|vizConfig|sap.app|info":{"type":"XTIT","value":{"":"SAP Build Apps"}},"cdm|payload|visualizations|Default-VizId|vizConfig|sap.app|subTitle":{"type":"XTIT","value":{"":"Community Edition"}}},"payload":{"defaultViz":"Default-VizId","defaultVizType":"sap.ushell.StaticAppLauncher","visualizations":{"Default-VizId":{"vizType":"sap.ushell.StaticAppLauncher","vizConfig":{"sap.ui":{"icons":{"icon":"sap-icon://appear-offline"}},"sap.app":{"info":"{{cdm|payload|visualizations|Default-VizId|vizConfig|sap.app|info}}","subTitle":"{{cdm|payload|visualizations|Default-VizId|vizConfig|sap.app|subTitle}}"},"sap.flp":{"target":{"type":"IBN","inboundId":"640d6955-0ee0-4323-bbc4-49bff6a7bc11___GenericDefaultSemantic-__GenericDefaultAction","parameters":{}}}}}},"targetAppConfig":{"sap.app":{"tags":{"keywords":[]},"crossNavigation":{"inbounds":{"640d6955-0ee0-4323-bbc4-49bff6a7bc11___GenericDefaultSemantic-__GenericDefaultAction":{"action":"open","signature":{"parameters":{},"additionalParameters":"ignored"},"deviceTypes":{"phone":true,"tablet":true,"desktop":true},"semanticObject":"launchpad"}}}},"_version":"1.13.0","sap.integration":{"navMode":"explace","urlTemplateId":"urltemplate.url","urlTemplateParams":{"url":"https://poster-kyma-ur.btp.quovadis-anywhere.com/page.Page26.html","query":{},"enableSapParams":false}}}},"_version":"3.0","identification":{"id":"640d6955-0ee0-4323-bbc4-49bff6a7bc11","title":"{{cdm|identification|title}}","entityType":"businessapp","description":"{{cdm|identification|description}}"}}},{"metadata":{"updatedOn":1723723122290,"updatedBy":"Piotr Tesny","createdBy":"Piotr Tesny","createdOn":1723723122290,"context":{"id":"SUB_ACCOUNT","contextType":"sub_account","tenantId":"c38774bba200a484d09ef2982e3e17e7","identityZoneId":"c1af06d9-b7b0-4dd2-809f-9b7b70349cdc","instanceId":"82bcc430-0120-401f-acbd-7fa672ba0556"}},"cdm":{"texts":{"cdm|identification|title":{"type":"XTIT","value":{"":"LegoLand"}},"cdm|identification|description":{"type":"XTIT","value":{"":"LegoLand"}},"cdm|payload|visualizations|Default-VizId|vizConfig|sap.app|info":{"type":"XTIT","value":{"":"Have you been there?"}},"cdm|payload|visualizations|Default-VizId|vizConfig|sap.app|subTitle":{"type":"XTIT","value":{"":""}}},"payload":{"defaultViz":"Default-VizId","defaultVizType":"sap.ushell.StaticAppLauncher","visualizations":{"Default-VizId":{"vizType":"sap.ushell.StaticAppLauncher","vizConfig":{"sap.ui":{"icons":{"icon":"https://raw.githubusercontent.com/ptesny/Team-2712/main/assets/modular-kyma.png"}},"sap.app":{"info":"{{cdm|payload|visualizations|Default-VizId|vizConfig|sap.app|info}}","subTitle":"{{cdm|payload|visualizations|Default-VizId|vizConfig|sap.app|subTitle}}"},"sap.flp":{"target":{"type":"IBN","inboundId":"e4150e3f-2a6e-4c7b-b9f7-195b8aded30a___GenericDefaultSemantic-__GenericDefaultAction","parameters":{}}}}}},"targetAppConfig":{"sap.app":{"tags":{"keywords":[]},"crossNavigation":{"inbounds":{"e4150e3f-2a6e-4c7b-b9f7-195b8aded30a___GenericDefaultSemantic-__GenericDefaultAction":{"action":"show","signature":{"parameters":{},"additionalParameters":"ignored"},"deviceTypes":{"phone":true,"tablet":true,"desktop":true},"semanticObject":"set"}}}},"_version":"1.13.0","sap.integration":{"navMode":"inplace","urlTemplateId":"urltemplate.url","urlTemplateParams":{"url":"https://poster-kyma-ur.btp.quovadis-anywhere.com/page.Page1.html","query":{},"enableSapParams":false}}}},"_version":"3.0","identification":{"id":"e4150e3f-2a6e-4c7b-b9f7-195b8aded30a","title":"{{cdm|identification|title}}","entityType":"businessapp","description":"{{cdm|identification|description}}"}}},{"metadata":{"updatedOn":1723723122290,"updatedBy":"Piotr Tesny","createdBy":"76e361d6-3688-4889-820f-7af9c020792d","createdOn":1723723122290,"context":{"id":"SUB_ACCOUNT","contextType":"sub_account","tenantId":"c38774bba200a484d09ef2982e3e17e7","identityZoneId":"c1af06d9-b7b0-4dd2-809f-9b7b70349cdc","instanceId":"82bcc430-0120-401f-acbd-7fa672ba0556"}},"cdm":{"texts":{"cdm|identification|title":{"type":"XTIT","value":{"":"Life at SAP"}},"cdm|identification|description":{"type":"XTIT","value":{"":"Life in SAP"}},"cdm|payload|visualizations|Default-VizId|vizConfig|sap.app|info":{"type":"XTIT","value":{"":"Life in the office?"}},"cdm|payload|visualizations|Default-VizId|vizConfig|sap.app|subTitle":{"type":"XTIT","value":{"":"Nouvelle Vague"}}},"payload":{"defaultViz":"Default-VizId","defaultVizType":"sap.ushell.StaticAppLauncher","visualizations":{"Default-VizId":{"vizType":"sap.ushell.StaticAppLauncher","vizConfig":{"sap.ui":{"icons":{"icon":"https://raw.githubusercontent.com/ptesny/Team-2712/main/assets/cities/london.jpg"}},"sap.app":{"info":"{{cdm|payload|visualizations|Default-VizId|vizConfig|sap.app|info}}","subTitle":"{{cdm|payload|visualizations|Default-VizId|vizConfig|sap.app|subTitle}}"},"sap.flp":{"target":{"type":"IBN","inboundId":"f382138f-e4ca-4007-afc6-aa1727261c32___GenericDefaultSemantic-__GenericDefaultAction","parameters":{}}}}}},"targetAppConfig":{"sap.app":{"tags":{"keywords":[]},"crossNavigation":{"inbounds":{"f382138f-e4ca-4007-afc6-aa1727261c32___GenericDefaultSemantic-__GenericDefaultAction":{"action":"office","signature":{"parameters":{},"additionalParameters":"ignored"},"deviceTypes":{"phone":true,"tablet":true,"desktop":true},"semanticObject":"which"}}}},"_version":"1.13.0","sap.integration":{"navMode":"inplace","urlTemplateId":"urltemplate.url","urlTemplateParams":{"url":"https://poster-kyma-rwx.rwx.quovadis-anywhere.com/page.Page11.html","query":{},"enableSapParams":false}}}},"_version":"3.0","identification":{"id":"f382138f-e4ca-4007-afc6-aa1727261c32","title":"{{cdm|identification|title}}","entityType":"businessapp","description":"{{cdm|identification|description}}"}}},{"metadata":{"updatedOn":1723723122290,"updatedBy":"Piotr Tesny","createdBy":"Piotr Tesny","createdOn":1723723122290,"context":{"id":"SUB_ACCOUNT","contextType":"sub_account","tenantId":"c38774bba200a484d09ef2982e3e17e7","identityZoneId":"c1af06d9-b7b0-4dd2-809f-9b7b70349cdc","instanceId":"82bcc430-0120-401f-acbd-7fa672ba0556"}},"cdm":{"texts":{"cdm|identification|title":{"type":"XTIT","value":{"":"MyMpas"}},"cdm|identification|description":{"type":"XTIT","value":{"":""}},"cdm|payload|visualizations|Default-VizId|vizConfig|sap.app|info":{"type":"XTIT","value":{"":""}},"cdm|payload|visualizations|Default-VizId|vizConfig|sap.app|subTitle":{"type":"XTIT","value":{"":"MyMaps"}}},"payload":{"defaultViz":"Default-VizId","defaultVizType":"sap.ushell.StaticAppLauncher","visualizations":{"Default-VizId":{"vizType":"sap.ushell.StaticAppLauncher","vizConfig":{"sap.ui":{"icons":{"icon":""}},"sap.app":{"info":"{{cdm|payload|visualizations|Default-VizId|vizConfig|sap.app|info}}","subTitle":"{{cdm|payload|visualizations|Default-VizId|vizConfig|sap.app|subTitle}}"},"sap.flp":{"target":{"type":"IBN","inboundId":"6c00cabb-1e53-4818-9919-2305dbcd2da6___GenericDefaultSemantic-__GenericDefaultAction","parameters":{}}}}}},"targetAppConfig":{"sap.app":{"tags":{"keywords":[]},"crossNavigation":{"inbounds":{"6c00cabb-1e53-4818-9919-2305dbcd2da6___GenericDefaultSemantic-__GenericDefaultAction":{"action":"open","signature":{"parameters":{},"additionalParameters":"ignored"},"deviceTypes":{"phone":true,"tablet":true,"desktop":true},"semanticObject":"map"}}}},"_version":"1.13.0","sap.integration":{"navMode":"inplace","urlTemplateId":"urltemplate.url","urlTemplateParams":{"url":"https://km-staging.launchpad.cfapps.eu20.hana.ondemand.com/1f60c648-247e-4001-99f2-e430d85ac601.efeskeymaker.comsolviadsddmsc4croutemap-0.0.1/index.html","query":{},"enableSapParams":false}}}},"_version":"3.0","identification":{"id":"6c00cabb-1e53-4818-9919-2305dbcd2da6","title":"{{cdm|identification|title}}","entityType":"businessapp","description":"{{cdm|identification|description}}"}}},{"metadata":{"updatedOn":1723723122290,"updatedBy":"Piotr Tesny","createdBy":"Piotr Tesny","createdOn":1723723122290,"context":{"id":"SUB_ACCOUNT","contextType":"sub_account","tenantId":"c38774bba200a484d09ef2982e3e17e7","identityZoneId":"c1af06d9-b7b0-4dd2-809f-9b7b70349cdc","instanceId":"82bcc430-0120-401f-acbd-7fa672ba0556"}},"cdm":{"texts":{"cdm|identification|title":{"type":"XTIT","value":{"":"Tell us your story"}},"cdm|identification|description":{"type":"XTIT","value":{"":"Story telling with SAP Analytics Cloud"}},"cdm|payload|visualizations|Default-VizId|vizConfig|sap.app|info":{"type":"XTIT","value":{"":"SAP Analytics Cloud"}},"cdm|payload|visualizations|Default-VizId|vizConfig|sap.app|subTitle":{"type":"XTIT","value":{"":"Tell us your story"}}},"payload":{"defaultViz":"Default-VizId","defaultVizType":"sap.ushell.StaticAppLauncher","visualizations":{"Default-VizId":{"vizType":"sap.ushell.StaticAppLauncher","vizConfig":{"sap.ui":{"icons":{"icon":"sap-icon://filter-analytics"}},"sap.app":{"info":"{{cdm|payload|visualizations|Default-VizId|vizConfig|sap.app|info}}","subTitle":"{{cdm|payload|visualizations|Default-VizId|vizConfig|sap.app|subTitle}}"},"sap.flp":{"target":{"type":"IBN","inboundId":"f5d9dee3-2090-4baa-b387-cd216d0b2a14___GenericDefaultSemantic-__GenericDefaultAction","parameters":{}}}}}},"targetAppConfig":{"sap.app":{"tags":{"keywords":[]},"crossNavigation":{"inbounds":{"f5d9dee3-2090-4baa-b387-cd216d0b2a14___GenericDefaultSemantic-__GenericDefaultAction":{"action":"tell","signature":{"parameters":{},"additionalParameters":"ignored"},"deviceTypes":{"phone":true,"tablet":true,"desktop":true},"semanticObject":"story"}}}},"_version":"1.13.0","sap.integration":{"navMode":"inplace","urlTemplateId":"urltemplate.url","urlTemplateParams":{"url":"https://poster-kyma-ur.btp.quovadis-anywhere.com/dynamic_dest/poster_esac/opendocument","query":{"story":"ateam-partnereng"},"enableSapParams":false}}}},"_version":"3.0","identification":{"id":"f5d9dee3-2090-4baa-b387-cd216d0b2a14","title":"{{cdm|identification|title}}","entityType":"businessapp","description":"{{cdm|identification|description}}"}}},{"metadata":{"updatedOn":1723723122290,"updatedBy":"Piotr Tesny","createdBy":"76e361d6-3688-4889-820f-7af9c020792d","createdOn":1723723122290,"context":{"id":"SUB_ACCOUNT","contextType":"sub_account","tenantId":"c38774bba200a484d09ef2982e3e17e7","identityZoneId":"c1af06d9-b7b0-4dd2-809f-9b7b70349cdc","instanceId":"82bcc430-0120-401f-acbd-7fa672ba0556"}},"cdm":{"texts":{"cdm|identification|title":{"type":"XTIT","value":{"":"Life on Mars"}},"cdm|identification|description":{"type":"XTIT","value":{"":"Life on Mars"}},"cdm|payload|visualizations|Default-VizId|vizConfig|sap.app|info":{"type":"XTIT","value":{"":"would you fancy?"}},"cdm|payload|visualizations|Default-VizId|vizConfig|sap.app|subTitle":{"type":"XTIT","value":{"":"Mars Attack"}}},"payload":{"defaultViz":"Default-VizId","defaultVizType":"sap.ushell.StaticAppLauncher","visualizations":{"Default-VizId":{"vizType":"sap.ushell.StaticAppLauncher","vizConfig":{"sap.ui":{"icons":{"icon":"https://raw.githubusercontent.com/ptesny/Team-2712/main/assets/Perseverance_rover.jpeg"}},"sap.app":{"info":"{{cdm|payload|visualizations|Default-VizId|vizConfig|sap.app|info}}","subTitle":"{{cdm|payload|visualizations|Default-VizId|vizConfig|sap.app|subTitle}}"},"sap.flp":{"target":{"type":"IBN","inboundId":"f8d617a0-8cac-41ac-9c0e-9f0621c2d293___GenericDefaultSemantic-__GenericDefaultAction","parameters":{}}}}}},"targetAppConfig":{"sap.app":{"tags":{"keywords":[]},"crossNavigation":{"inbounds":{"f8d617a0-8cac-41ac-9c0e-9f0621c2d293___GenericDefaultSemantic-__GenericDefaultAction":{"action":"attack","signature":{"parameters":{},"additionalParameters":"ignored"},"deviceTypes":{"phone":true,"tablet":true,"desktop":true},"semanticObject":"mars"}}}},"_version":"1.13.0","sap.integration":{"navMode":"inplace","urlTemplateId":"urltemplate.url","urlTemplateParams":{"url":"https://poster-kyma-ur.btp.quovadis-anywhere.com/page.Page15.html","query":{},"enableSapParams":false}}}},"_version":"3.0","identification":{"id":"f8d617a0-8cac-41ac-9c0e-9f0621c2d293","title":"{{cdm|identification|title}}","entityType":"businessapp","description":"{{cdm|identification|description}}"}}},{"metadata":{"updatedOn":1723723122290,"updatedBy":"Piotr Tesny","createdBy":"Piotr Tesny","createdOn":1723723122290,"context":{"id":"SUB_ACCOUNT","contextType":"sub_account","tenantId":"c38774bba200a484d09ef2982e3e17e7","identityZoneId":"c1af06d9-b7b0-4dd2-809f-9b7b70349cdc","instanceId":"82bcc430-0120-401f-acbd-7fa672ba0556"}},"cdm":{"texts":{"cdm|identification|title":{"type":"XTIT","value":{"":"Service Discovery"}},"cdm|identification|description":{"type":"XTIT","value":{"":"Destination and services"}},"cdm|payload|visualizations|Default-VizId|vizConfig|sap.app|info":{"type":"XTIT","value":{"":"SAP BTP table service...?"}},"cdm|payload|visualizations|Default-VizId|vizConfig|sap.app|subTitle":{"type":"XTIT","value":{"":""}}},"payload":{"defaultViz":"Default-VizId","defaultVizType":"sap.ushell.StaticAppLauncher","visualizations":{"Default-VizId":{"vizType":"sap.ushell.StaticAppLauncher","vizConfig":{"sap.ui":{"icons":{"icon":"https://raw.githubusercontent.com/ptesny/Team-2712/main/assets/servicesIcon.svg"}},"sap.app":{"info":"{{cdm|payload|visualizations|Default-VizId|vizConfig|sap.app|info}}","subTitle":"{{cdm|payload|visualizations|Default-VizId|vizConfig|sap.app|subTitle}}"},"sap.flp":{"target":{"type":"IBN","inboundId":"41dc546a-b384-4f3c-b194-163cfcaa18bc___GenericDefaultSemantic-__GenericDefaultAction","parameters":{}}}}}},"targetAppConfig":{"sap.app":{"tags":{"keywords":[]},"crossNavigation":{"inbounds":{"41dc546a-b384-4f3c-b194-163cfcaa18bc___GenericDefaultSemantic-__GenericDefaultAction":{"action":"read","signature":{"parameters":{},"additionalParameters":"ignored"},"deviceTypes":{"phone":true,"tablet":true,"desktop":true},"semanticObject":"configuration"}}}},"_version":"1.13.0","sap.integration":{"navMode":"inplace","urlTemplateId":"urltemplate.url","urlTemplateParams":{"url":"https://poster-kyma-ur.btp.quovadis-anywhere.com/page.Page18.html","query":{},"enableSapParams":false}}}},"_version":"3.0","identification":{"id":"41dc546a-b384-4f3c-b194-163cfcaa18bc","title":"{{cdm|identification|title}}","entityType":"businessapp","description":"{{cdm|identification|description}}"}}}]