[{"metadata":{"updatedOn":1759499643175,"updatedBy":"Piotr Tesny","createdBy":"Piotr Tesny","createdOn":1759499643175,"context":{"id":"c86df614-dacd-4a2f-9b39-5b09f46e7370","contextType":"site","tenantId":"0b56309295ed8ec55b606a03b495dc60","identityZoneId":"89f064d1-b987-44b6-ab1f-3a2d83db9dd4","instanceId":"d1bbfd5e-53f8-4634-8cbf-18665ba30196"}},"cdm":{"texts":{"title":{"value":{"":"Launchpad"}}},"payload":{"pageConfig":{"type":"flp","layout":{"groupsOrder":[]}},"targetAppConfig":{"sap.app":{"crossNavigation":{"inbounds":{"Shell-home":{}}}}}},"_version":"3.0.0","identification":{"id":"flp_pageapp","title":"{{title}}","entityType":"pageapp"}}}]