[{"metadata":{"updatedOn":1710584429000,"updatedBy":"Piotr Tesny","createdBy":"76e361d6-3688-4889-820f-7af9c020792d","createdOn":1698771119000,"context":{"id":"SUB_ACCOUNT","contextType":"sub_account","tenantId":"c38774bba200a484d09ef2982e3e17e7","identityZoneId":"c1af06d9-b7b0-4dd2-809f-9b7b70349cdc","instanceId":"82bcc430-0120-401f-acbd-7fa672ba0556"}},"cdm":{"texts":{"cdm|identification|title":{"type":"XTIT","value":{"":"poster"}},"cdm|identification|description":{"type":"XTIT","value":{"":"poster"}}},"payload":{"tiles":[]},"_version":"3.0","relations":{"viz":[{"label":"ref","target":{"id":"saas_approuter_ag104354","context":{"id":"SUB_ACCOUNT","type":"SUB_ACCOUNT"},"entityType":"businessapp","properties":{"vizId":"ag104354-open"}}},{"label":"ref","target":{"id":"f382138f-e4ca-4007-afc6-aa1727261c32","context":{"id":"SUB_ACCOUNT","type":"SUB_ACCOUNT"},"entityType":"businessapp","properties":{"vizId":"Default-VizId"}}},{"label":"ref","target":{"id":"f8d617a0-8cac-41ac-9c0e-9f0621c2d293","context":{"id":"SUB_ACCOUNT","type":"SUB_ACCOUNT"},"entityType":"businessapp","properties":{"vizId":"Default-VizId"}}},{"label":"ref","target":{"id":"41dc546a-b384-4f3c-b194-163cfcaa18bc","context":{"id":"SUB_ACCOUNT","type":"SUB_ACCOUNT"},"entityType":"businessapp","properties":{"vizId":"Default-VizId"}}},{"label":"ref","target":{"id":"d33d8d7f-ae15-4ab4-b022-84be450c69a3","context":{"id":"SUB_ACCOUNT","type":"SUB_ACCOUNT"},"entityType":"businessapp","properties":{"vizId":"Default-VizId"}}},{"label":"ref","target":{"id":"e4150e3f-2a6e-4c7b-b9f7-195b8aded30a","context":{"id":"SUB_ACCOUNT","type":"SUB_ACCOUNT"},"entityType":"businessapp","properties":{"vizId":"Default-VizId"}}},{"label":"ref","target":{"id":"ba01aadf-f93c-4377-a531-b5c777896254","context":{"id":"SUB_ACCOUNT","type":"SUB_ACCOUNT"},"entityType":"businessapp","properties":{"vizId":"Default-VizId"}}},{"label":"ref","target":{"id":"a8addacb-f6cf-427c-be53-a2648afd6992","context":{"id":"SUB_ACCOUNT","type":"SUB_ACCOUNT"},"entityType":"businessapp","properties":{"vizId":"Default-VizId"}}},{"label":"ref","target":{"id":"f5d9dee3-2090-4baa-b387-cd216d0b2a14","context":{"id":"SUB_ACCOUNT","type":"SUB_ACCOUNT"},"entityType":"businessapp","properties":{"vizId":"Default-VizId"}}},{"label":"ref","target":{"id":"a56a99ff-794c-40e4-bd68-efc04942a1db","context":{"id":"SUB_ACCOUNT","type":"SUB_ACCOUNT"},"entityType":"businessapp","properties":{"vizId":"Default-VizId"}}},{"label":"ref","target":{"id":"640d6955-0ee0-4323-bbc4-49bff6a7bc11","context":{"id":"SUB_ACCOUNT","type":"SUB_ACCOUNT"},"entityType":"businessapp","properties":{"vizId":"Default-VizId"}}},{"label":"ref","target":{"id":"51003081-1514-4a3d-861b-9a5cf4cb2fa5","context":{"id":"SUB_ACCOUNT","type":"SUB_ACCOUNT"},"entityType":"businessapp","properties":{"vizId":"Default-VizId"}}},{"label":"ref","target":{"id":"6a42fc36-047d-41fd-8ebd-8a6abea37303","context":{"id":"SUB_ACCOUNT","type":"SUB_ACCOUNT"},"entityType":"businessapp","properties":{"vizId":"Default-VizId"}}}]},"identification":{"id":"c317175c-db52-425a-8d90-937d6b1d1516","title":"{{cdm|identification|title}}","entityType":"group","description":"{{cdm|identification|description}}"}}}]