[{"metadata":{"updatedOn":1698441987000,"updatedBy":"Piotr Tesny","createdBy":"Piotr Tesny","createdOn":1698441754000,"context":{"id":"SUB_ACCOUNT","contextType":"sub_account","tenantId":"c38774bba200a484d09ef2982e3e17e7","identityZoneId":"c1af06d9-b7b0-4dd2-809f-9b7b70349cdc","instanceId":"82bcc430-0120-401f-acbd-7fa672ba0556"}},"cdm":{"texts":{"cdm|identification|title":{"type":"XTIT","value":{"":"quovadis"}},"cdm|identification|description":{"type":"XTIT","value":{"":""}}},"payload":{"viz":[]},"_version":"3.0","relations":{"viz":[{"label":"ref","target":{"id":"f8d617a0-8cac-41ac-9c0e-9f0621c2d293","context":{"id":"SUB_ACCOUNT","type":"SUB_ACCOUNT"},"entityType":"businessapp","properties":{"vizId":"Default-VizId"}}},{"label":"ref","target":{"id":"d33d8d7f-ae15-4ab4-b022-84be450c69a3","context":{"id":"SUB_ACCOUNT","type":"SUB_ACCOUNT"},"entityType":"businessapp","properties":{"vizId":"Default-VizId"}}},{"label":"ref","target":{"id":"a9936e87-f7d2-40ba-bad5-5d28630ce9a9","context":{"id":"SUB_ACCOUNT","type":"SUB_ACCOUNT"},"entityType":"businessapp","properties":{"vizId":"Default-VizId"}}}]},"identification":{"id":"205ceb2e-daec-4f1d-97a5-117b5313258a","title":"{{cdm|identification|title}}","entityType":"catalog","description":"{{cdm|identification|description}}"}}}]