[{"metadata":{"updatedOn":1759499643208,"updatedBy":"Piotr Tesny","createdBy":"Piotr Tesny","createdOn":1759499643208,"context":{"id":"c86df614-dacd-4a2f-9b39-5b09f46e7370","contextType":"site","tenantId":"0b56309295ed8ec55b606a03b495dc60","identityZoneId":"89f064d1-b987-44b6-ab1f-3a2d83db9dd4","instanceId":"d1bbfd5e-53f8-4634-8cbf-18665ba30196"}},"cdm":{"texts":{"cdm|identification|title":{"type":"XTIT","value":{"":"Everyone"}},"cdm|identification|description":{"type":"XTIT","value":{"":"Content assigned to this role is visible to all users"}}},"payload":{"apps":[],"groups":[],"catalogs":[]},"_version":"3.0.0","identification":{"id":"sap_everyone","title":"{{cdm|identification|title}}","entityType":"role","description":"{{cdm|identification|description}}"}}}]