[{"metadata":{"updatedOn":1759593264944,"updatedBy":"Piotr Tesny","createdBy":"Piotr Tesny","createdOn":1759502582720,"context":{"id":"SUB_ACCOUNT","contextType":"sub_account","tenantId":"0b56309295ed8ec55b606a03b495dc60","identityZoneId":"89f064d1-b987-44b6-ab1f-3a2d83db9dd4","instanceId":"d1bbfd5e-53f8-4634-8cbf-18665ba30196"}},"cdm":{"texts":{"cdm|identification|title":{"type":"XTIT","value":{"":"uk-xp264"}},"cdm|identification|description":{"type":"XTIT","value":{"":"uk-xp264--b84edf3"}}},"payload":{"tiles":[]},"_version":"3.0","relations":{"viz":[{"label":"ref","target":{"id":"28921205-29ba-4bad-a149-0c65c1b2746e","context":{"id":"SUB_ACCOUNT","type":"SUB_ACCOUNT"},"entityType":"businessapp","properties":{"vizId":"Default-VizId"}}},{"label":"ref","target":{"id":"dc030e76-865a-456e-82fa-5e15dd87cb63","context":{"id":"SUB_ACCOUNT","type":"SUB_ACCOUNT"},"entityType":"businessapp","properties":{"vizId":"Default-VizId"}}},{"label":"ref","target":{"id":"ee221e2f-98e9-4c59-a88d-e7d3d7b63834","context":{"id":"SUB_ACCOUNT","type":"SUB_ACCOUNT"},"entityType":"businessapp","properties":{"vizId":"Default-VizId"}}},{"label":"ref","target":{"id":"959875dd-de35-4826-aa5e-7d745d130e28","context":{"id":"SUB_ACCOUNT","type":"SUB_ACCOUNT"},"entityType":"businessapp","properties":{"vizId":"Default-VizId"}}},{"label":"ref","target":{"id":"2fd10804-ef46-475e-9ec3-8f900deb1674","context":{"id":"SUB_ACCOUNT","type":"SUB_ACCOUNT"},"entityType":"businessapp","properties":{"vizId":"Default-VizId"}}},{"label":"ref","target":{"id":"8935027f-4d2c-4fce-a305-180b225c0501","context":{"id":"SUB_ACCOUNT","type":"SUB_ACCOUNT"},"entityType":"businessapp","properties":{"vizId":"Default-VizId"}}},{"label":"ref","target":{"id":"a193e5b8-4a60-4040-b511-3bd993fac016","context":{"id":"SUB_ACCOUNT","type":"SUB_ACCOUNT"},"entityType":"businessapp","properties":{"vizId":"Default-VizId"}}},{"label":"ref","target":{"id":"d1f75d6f-381c-4d58-b92f-e1a5ea857467","context":{"id":"SUB_ACCOUNT","type":"SUB_ACCOUNT"},"entityType":"businessapp","properties":{"vizId":"Default-VizId"}}},{"label":"ref","target":{"id":"d902e742-f51a-4b14-8661-5e705fdff490","context":{"id":"SUB_ACCOUNT","type":"SUB_ACCOUNT"},"entityType":"businessapp","properties":{"vizId":"Default-VizId"}}}]},"identification":{"id":"a0b9f1ad-6889-4214-b605-89f699524f9c","title":"{{cdm|identification|title}}","entityType":"group","description":"{{cdm|identification|description}}"}}},{"metadata":{"updatedOn":1759594563574,"updatedBy":"Piotr Tesny","createdBy":"Piotr Tesny","createdOn":1759565495631,"context":{"id":"SUB_ACCOUNT","contextType":"sub_account","tenantId":"0b56309295ed8ec55b606a03b495dc60","identityZoneId":"89f064d1-b987-44b6-ab1f-3a2d83db9dd4","instanceId":"d1bbfd5e-53f8-4634-8cbf-18665ba30196"}},"cdm":{"texts":{"cdm|identification|title":{"type":"XTIT","value":{"":"us-east"}},"cdm|identification|description":{"type":"XTIT","value":{"":"us-east--ca15e0c"}}},"payload":{"tiles":[]},"_version":"3.0","relations":{"viz":[{"label":"ref","target":{"id":"69f9e85f-b57d-4353-bc4c-a914ee762305","context":{"id":"SUB_ACCOUNT","type":"SUB_ACCOUNT"},"entityType":"businessapp","properties":{"vizId":"Default-VizId"}}},{"label":"ref","target":{"id":"a193e5b8-4a60-4040-b511-3bd993fac016","context":{"id":"SUB_ACCOUNT","type":"SUB_ACCOUNT"},"entityType":"businessapp","properties":{"vizId":"Default-VizId"}}},{"label":"ref","target":{"id":"d1f75d6f-381c-4d58-b92f-e1a5ea857467","context":{"id":"SUB_ACCOUNT","type":"SUB_ACCOUNT"},"entityType":"businessapp","properties":{"vizId":"Default-VizId"}}},{"label":"ref","target":{"id":"931c6dda-c527-46ee-8b81-965f276c5943","context":{"id":"SUB_ACCOUNT","type":"SUB_ACCOUNT"},"entityType":"businessapp","properties":{"vizId":"Default-VizId"}}}]},"identification":{"id":"6157ba28-6eff-496b-92e0-53721636861e","title":"{{cdm|identification|title}}","entityType":"group","description":"{{cdm|identification|description}}"}}},{"metadata":{"updatedOn":1759593868564,"updatedBy":"Piotr Tesny","createdBy":"Piotr Tesny","createdOn":1759564643606,"context":{"id":"SUB_ACCOUNT","contextType":"sub_account","tenantId":"0b56309295ed8ec55b606a03b495dc60","identityZoneId":"89f064d1-b987-44b6-ab1f-3a2d83db9dd4","instanceId":"d1bbfd5e-53f8-4634-8cbf-18665ba30196"}},"cdm":{"texts":{"cdm|identification|title":{"type":"XTIT","value":{"":"japan-east"}},"cdm|identification|description":{"type":"XTIT","value":{"":"japan-east--c-99567a9"}}},"payload":{"tiles":[]},"_version":"3.0","relations":{"viz":[{"label":"ref","target":{"id":"3dd43274-6309-4e1b-a296-acbb10971d16","context":{"id":"SUB_ACCOUNT","type":"SUB_ACCOUNT"},"entityType":"businessapp","properties":{"vizId":"Default-VizId"}}},{"label":"ref","target":{"id":"a193e5b8-4a60-4040-b511-3bd993fac016","context":{"id":"SUB_ACCOUNT","type":"SUB_ACCOUNT"},"entityType":"businessapp","properties":{"vizId":"Default-VizId"}}},{"label":"ref","target":{"id":"d1f75d6f-381c-4d58-b92f-e1a5ea857467","context":{"id":"SUB_ACCOUNT","type":"SUB_ACCOUNT"},"entityType":"businessapp","properties":{"vizId":"Default-VizId"}}},{"label":"ref","target":{"id":"14523356-c3b0-436c-a743-f18155308fa4","context":{"id":"SUB_ACCOUNT","type":"SUB_ACCOUNT"},"entityType":"businessapp","properties":{"vizId":"Default-VizId"}}}]},"identification":{"id":"7e28f281-7ed0-4393-b935-b0cf2d5f51be","title":"{{cdm|identification|title}}","entityType":"group","description":"{{cdm|identification|description}}"}}}]