[{"metadata":{"updatedOn":1708159684000,"updatedBy":"Piotr Tesny","createdBy":"Piotr Tesny","createdOn":1708159684000,"context":{"id":"ec5f14c5-63bc-4c6d-a808-7ca694251365","contextType":"site","tenantId":"c38774bba200a484d09ef2982e3e17e7","identityZoneId":"c1af06d9-b7b0-4dd2-809f-9b7b70349cdc","instanceId":"82bcc430-0120-401f-acbd-7fa672ba0556"}},"cdm":{"texts":{"title":{"value":{"":"Launchpad"}}},"payload":{"pageConfig":{"type":"flp","layout":{"groupsOrder":[]}},"targetAppConfig":{"sap.app":{"crossNavigation":{"inbounds":{"Shell-home":{}}}}}},"_version":"3.0.0","identification":{"id":"flp_pageapp","title":"{{title}}","entityType":"pageapp"}}}]